--
-- PostgreSQL database dump
--

-- Dumped from database version 13.2
-- Dumped by pg_dump version 14.6 (Homebrew)

SET statement_timeout = 0;
SET lock_timeout = 0;
SET idle_in_transaction_session_timeout = 0;
SET client_encoding = 'UTF8';
SET standard_conforming_strings = on;
SELECT pg_catalog.set_config('search_path', '', false);
SET check_function_bodies = false;
SET xmloption = content;
SET client_min_messages = warning;
SET row_security = off;

--
-- Name: timescaledb; Type: EXTENSION; Schema: -; Owner: -
--

CREATE EXTENSION IF NOT EXISTS timescaledb WITH SCHEMA public;


--
-- Name: EXTENSION timescaledb; Type: COMMENT; Schema: -; Owner: 
--

COMMENT ON EXTENSION timescaledb IS 'Enables scalable inserts and complex queries for time-series data';


SET default_tablespace = '';

SET default_table_access_method = heap;

--
-- Name: auth_group; Type: TABLE; Schema: public; Owner: postgres
--

CREATE TABLE public.auth_group (
    id integer NOT NULL,
    name character varying(150) NOT NULL
);


ALTER TABLE public.auth_group OWNER TO postgres;

--
-- Name: auth_group_id_seq; Type: SEQUENCE; Schema: public; Owner: postgres
--

ALTER TABLE public.auth_group ALTER COLUMN id ADD GENERATED BY DEFAULT AS IDENTITY (
    SEQUENCE NAME public.auth_group_id_seq
    START WITH 1
    INCREMENT BY 1
    NO MINVALUE
    NO MAXVALUE
    CACHE 1
);


--
-- Name: auth_group_permissions; Type: TABLE; Schema: public; Owner: postgres
--

CREATE TABLE public.auth_group_permissions (
    id bigint NOT NULL,
    group_id integer NOT NULL,
    permission_id integer NOT NULL
);


ALTER TABLE public.auth_group_permissions OWNER TO postgres;

--
-- Name: auth_group_permissions_id_seq; Type: SEQUENCE; Schema: public; Owner: postgres
--

ALTER TABLE public.auth_group_permissions ALTER COLUMN id ADD GENERATED BY DEFAULT AS IDENTITY (
    SEQUENCE NAME public.auth_group_permissions_id_seq
    START WITH 1
    INCREMENT BY 1
    NO MINVALUE
    NO MAXVALUE
    CACHE 1
);


--
-- Name: auth_permission; Type: TABLE; Schema: public; Owner: postgres
--

CREATE TABLE public.auth_permission (
    id integer NOT NULL,
    name character varying(255) NOT NULL,
    content_type_id integer NOT NULL,
    codename character varying(100) NOT NULL
);


ALTER TABLE public.auth_permission OWNER TO postgres;

--
-- Name: auth_permission_id_seq; Type: SEQUENCE; Schema: public; Owner: postgres
--

ALTER TABLE public.auth_permission ALTER COLUMN id ADD GENERATED BY DEFAULT AS IDENTITY (
    SEQUENCE NAME public.auth_permission_id_seq
    START WITH 1
    INCREMENT BY 1
    NO MINVALUE
    NO MAXVALUE
    CACHE 1
);


--
-- Name: auth_user; Type: TABLE; Schema: public; Owner: postgres
--

CREATE TABLE public.auth_user (
    id integer NOT NULL,
    password character varying(128) NOT NULL,
    last_login timestamp with time zone,
    is_superuser boolean NOT NULL,
    username character varying(150) NOT NULL,
    first_name character varying(150) NOT NULL,
    last_name character varying(150) NOT NULL,
    email character varying(254) NOT NULL,
    is_staff boolean NOT NULL,
    is_active boolean NOT NULL,
    date_joined timestamp with time zone NOT NULL
);


ALTER TABLE public.auth_user OWNER TO postgres;

--
-- Name: auth_user_groups; Type: TABLE; Schema: public; Owner: postgres
--

CREATE TABLE public.auth_user_groups (
    id bigint NOT NULL,
    user_id integer NOT NULL,
    group_id integer NOT NULL
);


ALTER TABLE public.auth_user_groups OWNER TO postgres;

--
-- Name: auth_user_groups_id_seq; Type: SEQUENCE; Schema: public; Owner: postgres
--

ALTER TABLE public.auth_user_groups ALTER COLUMN id ADD GENERATED BY DEFAULT AS IDENTITY (
    SEQUENCE NAME public.auth_user_groups_id_seq
    START WITH 1
    INCREMENT BY 1
    NO MINVALUE
    NO MAXVALUE
    CACHE 1
);


--
-- Name: auth_user_id_seq; Type: SEQUENCE; Schema: public; Owner: postgres
--

ALTER TABLE public.auth_user ALTER COLUMN id ADD GENERATED BY DEFAULT AS IDENTITY (
    SEQUENCE NAME public.auth_user_id_seq
    START WITH 1
    INCREMENT BY 1
    NO MINVALUE
    NO MAXVALUE
    CACHE 1
);


--
-- Name: auth_user_user_permissions; Type: TABLE; Schema: public; Owner: postgres
--

CREATE TABLE public.auth_user_user_permissions (
    id bigint NOT NULL,
    user_id integer NOT NULL,
    permission_id integer NOT NULL
);


ALTER TABLE public.auth_user_user_permissions OWNER TO postgres;

--
-- Name: auth_user_user_permissions_id_seq; Type: SEQUENCE; Schema: public; Owner: postgres
--

ALTER TABLE public.auth_user_user_permissions ALTER COLUMN id ADD GENERATED BY DEFAULT AS IDENTITY (
    SEQUENCE NAME public.auth_user_user_permissions_id_seq
    START WITH 1
    INCREMENT BY 1
    NO MINVALUE
    NO MAXVALUE
    CACHE 1
);


--
-- Name: configuration_configuration; Type: TABLE; Schema: public; Owner: postgres
--

CREATE TABLE public.configuration_configuration (
    slug character varying(256) NOT NULL,
    name character varying(256) NOT NULL,
    header text,
    footer text
);


ALTER TABLE public.configuration_configuration OWNER TO postgres;

--
-- Name: construction_object_advantage; Type: TABLE; Schema: public; Owner: postgres
--

CREATE TABLE public.construction_object_advantage (
    id bigint NOT NULL,
    description text,
    description_ru text,
    description_ky text,
    logo character varying(100)
);


ALTER TABLE public.construction_object_advantage OWNER TO postgres;

--
-- Name: construction_object_advantage_construction; Type: TABLE; Schema: public; Owner: postgres
--

CREATE TABLE public.construction_object_advantage_construction (
    id bigint NOT NULL,
    advantage_id bigint NOT NULL,
    construction_id bigint NOT NULL
);


ALTER TABLE public.construction_object_advantage_construction OWNER TO postgres;

--
-- Name: construction_object_advantage_construction_id_seq; Type: SEQUENCE; Schema: public; Owner: postgres
--

ALTER TABLE public.construction_object_advantage_construction ALTER COLUMN id ADD GENERATED BY DEFAULT AS IDENTITY (
    SEQUENCE NAME public.construction_object_advantage_construction_id_seq
    START WITH 1
    INCREMENT BY 1
    NO MINVALUE
    NO MAXVALUE
    CACHE 1
);


--
-- Name: construction_object_advantage_id_seq; Type: SEQUENCE; Schema: public; Owner: postgres
--

ALTER TABLE public.construction_object_advantage ALTER COLUMN id ADD GENERATED BY DEFAULT AS IDENTITY (
    SEQUENCE NAME public.construction_object_advantage_id_seq
    START WITH 1
    INCREMENT BY 1
    NO MINVALUE
    NO MAXVALUE
    CACHE 1
);


--
-- Name: construction_object_block; Type: TABLE; Schema: public; Owner: postgres
--

CREATE TABLE public.construction_object_block (
    id bigint NOT NULL,
    block_name character varying(256) NOT NULL,
    plan_model character varying(100),
    sides character varying(20),
    construction_id bigint,
    is_sold boolean NOT NULL
);


ALTER TABLE public.construction_object_block OWNER TO postgres;

--
-- Name: construction_object_block_id_seq; Type: SEQUENCE; Schema: public; Owner: postgres
--

ALTER TABLE public.construction_object_block ALTER COLUMN id ADD GENERATED BY DEFAULT AS IDENTITY (
    SEQUENCE NAME public.construction_object_block_id_seq
    START WITH 1
    INCREMENT BY 1
    NO MINVALUE
    NO MAXVALUE
    CACHE 1
);


--
-- Name: construction_object_construction; Type: TABLE; Schema: public; Owner: postgres
--

CREATE TABLE public.construction_object_construction (
    id bigint NOT NULL,
    title character varying(256) NOT NULL,
    main_picture character varying(100) NOT NULL,
    street_address character varying(200) NOT NULL,
    latitude numeric(9,6),
    longitude numeric(9,6),
    cost_per_square_meter numeric(10,2) NOT NULL,
    construction_state character varying(256),
    construction_completion_quarter character varying(256),
    min_price integer,
    installment character varying(256),
    installment_ru character varying(256),
    installment_ky character varying(256),
    description text,
    description_ru text,
    description_ky text,
    youtube_link character varying(200),
    construction_completion_year_id bigint,
    district_id bigint,
    offer character varying(256),
    type character varying(256),
    key_words character varying(556),
    selling_status character varying(25),
    is_completed boolean NOT NULL,
    is_selling boolean NOT NULL,
    CONSTRAINT construction_object_construction_min_price_check CHECK ((min_price >= 0))
);


ALTER TABLE public.construction_object_construction OWNER TO postgres;

--
-- Name: construction_object_construction_id_seq; Type: SEQUENCE; Schema: public; Owner: postgres
--

ALTER TABLE public.construction_object_construction ALTER COLUMN id ADD GENERATED BY DEFAULT AS IDENTITY (
    SEQUENCE NAME public.construction_object_construction_id_seq
    START WITH 1
    INCREMENT BY 1
    NO MINVALUE
    NO MAXVALUE
    CACHE 1
);


--
-- Name: construction_object_constructionimage; Type: TABLE; Schema: public; Owner: postgres
--

CREATE TABLE public.construction_object_constructionimage (
    id bigint NOT NULL,
    image character varying(100),
    construction_id bigint NOT NULL
);


ALTER TABLE public.construction_object_constructionimage OWNER TO postgres;

--
-- Name: construction_object_constructionimage_id_seq; Type: SEQUENCE; Schema: public; Owner: postgres
--

ALTER TABLE public.construction_object_constructionimage ALTER COLUMN id ADD GENERATED BY DEFAULT AS IDENTITY (
    SEQUENCE NAME public.construction_object_constructionimage_id_seq
    START WITH 1
    INCREMENT BY 1
    NO MINVALUE
    NO MAXVALUE
    CACHE 1
);


--
-- Name: construction_object_district; Type: TABLE; Schema: public; Owner: postgres
--

CREATE TABLE public.construction_object_district (
    id bigint NOT NULL,
    title character varying(256) NOT NULL
);


ALTER TABLE public.construction_object_district OWNER TO postgres;

--
-- Name: construction_object_district_id_seq; Type: SEQUENCE; Schema: public; Owner: postgres
--

ALTER TABLE public.construction_object_district ALTER COLUMN id ADD GENERATED BY DEFAULT AS IDENTITY (
    SEQUENCE NAME public.construction_object_district_id_seq
    START WITH 1
    INCREMENT BY 1
    NO MINVALUE
    NO MAXVALUE
    CACHE 1
);


--
-- Name: construction_object_feature; Type: TABLE; Schema: public; Owner: postgres
--

CREATE TABLE public.construction_object_feature (
    id bigint NOT NULL,
    title character varying(255),
    title_ru character varying(255),
    title_ky character varying(255),
    description text,
    description_ru text,
    description_ky text,
    picture character varying(100),
    construction_id bigint
);


ALTER TABLE public.construction_object_feature OWNER TO postgres;

--
-- Name: construction_object_feature_id_seq; Type: SEQUENCE; Schema: public; Owner: postgres
--

ALTER TABLE public.construction_object_feature ALTER COLUMN id ADD GENERATED BY DEFAULT AS IDENTITY (
    SEQUENCE NAME public.construction_object_feature_id_seq
    START WITH 1
    INCREMENT BY 1
    NO MINVALUE
    NO MAXVALUE
    CACHE 1
);


--
-- Name: construction_object_flat; Type: TABLE; Schema: public; Owner: postgres
--

CREATE TABLE public.construction_object_flat (
    id bigint NOT NULL,
    type character varying(256),
    layout_photo character varying(100),
    design_photo character varying(100),
    rooms character varying(6),
    square_meters integer,
    floor integer,
    price numeric(10,2),
    mortgage character varying(256),
    mortgage_ru character varying(256),
    mortgage_ky character varying(256),
    construction_id bigint,
    block_id bigint,
    CONSTRAINT construction_object_flat_square_meters_check CHECK ((square_meters >= 0))
);


ALTER TABLE public.construction_object_flat OWNER TO postgres;

--
-- Name: construction_object_flat_id_seq; Type: SEQUENCE; Schema: public; Owner: postgres
--

ALTER TABLE public.construction_object_flat ALTER COLUMN id ADD GENERATED BY DEFAULT AS IDENTITY (
    SEQUENCE NAME public.construction_object_flat_id_seq
    START WITH 1
    INCREMENT BY 1
    NO MINVALUE
    NO MAXVALUE
    CACHE 1
);


--
-- Name: construction_object_infrastructure; Type: TABLE; Schema: public; Owner: postgres
--

CREATE TABLE public.construction_object_infrastructure (
    id bigint NOT NULL,
    culture integer,
    medicine integer,
    education integer,
    finance integer,
    trade integer,
    food integer,
    sport integer,
    service integer,
    construction_id bigint,
    CONSTRAINT construction_object_infrastructure_culture_check CHECK ((culture >= 0)),
    CONSTRAINT construction_object_infrastructure_education_check CHECK ((education >= 0)),
    CONSTRAINT construction_object_infrastructure_finance_check CHECK ((finance >= 0)),
    CONSTRAINT construction_object_infrastructure_food_check CHECK ((food >= 0)),
    CONSTRAINT construction_object_infrastructure_medicine_check CHECK ((medicine >= 0)),
    CONSTRAINT construction_object_infrastructure_service_check CHECK ((service >= 0)),
    CONSTRAINT construction_object_infrastructure_sport_check CHECK ((sport >= 0)),
    CONSTRAINT construction_object_infrastructure_trade_check CHECK ((trade >= 0))
);


ALTER TABLE public.construction_object_infrastructure OWNER TO postgres;

--
-- Name: construction_object_infrastructure_id_seq; Type: SEQUENCE; Schema: public; Owner: postgres
--

ALTER TABLE public.construction_object_infrastructure ALTER COLUMN id ADD GENERATED BY DEFAULT AS IDENTITY (
    SEQUENCE NAME public.construction_object_infrastructure_id_seq
    START WITH 1
    INCREMENT BY 1
    NO MINVALUE
    NO MAXVALUE
    CACHE 1
);


--
-- Name: construction_object_year; Type: TABLE; Schema: public; Owner: postgres
--

CREATE TABLE public.construction_object_year (
    id bigint NOT NULL,
    year character varying(256) NOT NULL
);


ALTER TABLE public.construction_object_year OWNER TO postgres;

--
-- Name: construction_object_year_id_seq; Type: SEQUENCE; Schema: public; Owner: postgres
--

ALTER TABLE public.construction_object_year ALTER COLUMN id ADD GENERATED BY DEFAULT AS IDENTITY (
    SEQUENCE NAME public.construction_object_year_id_seq
    START WITH 1
    INCREMENT BY 1
    NO MINVALUE
    NO MAXVALUE
    CACHE 1
);


--
-- Name: django_admin_log; Type: TABLE; Schema: public; Owner: postgres
--

CREATE TABLE public.django_admin_log (
    id integer NOT NULL,
    action_time timestamp with time zone NOT NULL,
    object_id text,
    object_repr character varying(200) NOT NULL,
    action_flag smallint NOT NULL,
    change_message text NOT NULL,
    content_type_id integer,
    user_id integer NOT NULL,
    CONSTRAINT django_admin_log_action_flag_check CHECK ((action_flag >= 0))
);


ALTER TABLE public.django_admin_log OWNER TO postgres;

--
-- Name: django_admin_log_id_seq; Type: SEQUENCE; Schema: public; Owner: postgres
--

ALTER TABLE public.django_admin_log ALTER COLUMN id ADD GENERATED BY DEFAULT AS IDENTITY (
    SEQUENCE NAME public.django_admin_log_id_seq
    START WITH 1
    INCREMENT BY 1
    NO MINVALUE
    NO MAXVALUE
    CACHE 1
);


--
-- Name: django_content_type; Type: TABLE; Schema: public; Owner: postgres
--

CREATE TABLE public.django_content_type (
    id integer NOT NULL,
    app_label character varying(100) NOT NULL,
    model character varying(100) NOT NULL
);


ALTER TABLE public.django_content_type OWNER TO postgres;

--
-- Name: django_content_type_id_seq; Type: SEQUENCE; Schema: public; Owner: postgres
--

ALTER TABLE public.django_content_type ALTER COLUMN id ADD GENERATED BY DEFAULT AS IDENTITY (
    SEQUENCE NAME public.django_content_type_id_seq
    START WITH 1
    INCREMENT BY 1
    NO MINVALUE
    NO MAXVALUE
    CACHE 1
);


--
-- Name: django_migrations; Type: TABLE; Schema: public; Owner: postgres
--

CREATE TABLE public.django_migrations (
    id bigint NOT NULL,
    app character varying(255) NOT NULL,
    name character varying(255) NOT NULL,
    applied timestamp with time zone NOT NULL
);


ALTER TABLE public.django_migrations OWNER TO postgres;

--
-- Name: django_migrations_id_seq; Type: SEQUENCE; Schema: public; Owner: postgres
--

ALTER TABLE public.django_migrations ALTER COLUMN id ADD GENERATED BY DEFAULT AS IDENTITY (
    SEQUENCE NAME public.django_migrations_id_seq
    START WITH 1
    INCREMENT BY 1
    NO MINVALUE
    NO MAXVALUE
    CACHE 1
);


--
-- Name: django_session; Type: TABLE; Schema: public; Owner: postgres
--

CREATE TABLE public.django_session (
    session_key character varying(40) NOT NULL,
    session_data text NOT NULL,
    expire_date timestamp with time zone NOT NULL
);


ALTER TABLE public.django_session OWNER TO postgres;

--
-- Name: django_summernote_attachment; Type: TABLE; Schema: public; Owner: postgres
--

CREATE TABLE public.django_summernote_attachment (
    id bigint NOT NULL,
    name character varying(255),
    file character varying(100) NOT NULL,
    uploaded timestamp with time zone NOT NULL
);


ALTER TABLE public.django_summernote_attachment OWNER TO postgres;

--
-- Name: django_summernote_attachment_id_seq; Type: SEQUENCE; Schema: public; Owner: postgres
--

ALTER TABLE public.django_summernote_attachment ALTER COLUMN id ADD GENERATED BY DEFAULT AS IDENTITY (
    SEQUENCE NAME public.django_summernote_attachment_id_seq
    START WITH 1
    INCREMENT BY 1
    NO MINVALUE
    NO MAXVALUE
    CACHE 1
);


--
-- Name: document_document; Type: TABLE; Schema: public; Owner: postgres
--

CREATE TABLE public.document_document (
    id bigint NOT NULL,
    name character varying(256) NOT NULL,
    document character varying(100) NOT NULL
);


ALTER TABLE public.document_document OWNER TO postgres;

--
-- Name: document_document_id_seq; Type: SEQUENCE; Schema: public; Owner: postgres
--

ALTER TABLE public.document_document ALTER COLUMN id ADD GENERATED BY DEFAULT AS IDENTITY (
    SEQUENCE NAME public.document_document_id_seq
    START WITH 1
    INCREMENT BY 1
    NO MINVALUE
    NO MAXVALUE
    CACHE 1
);


--
-- Name: news_blog_post; Type: TABLE; Schema: public; Owner: postgres
--

CREATE TABLE public.news_blog_post (
    id bigint NOT NULL,
    category character varying(20),
    title character varying(256),
    title_ru character varying(256),
    title_ky character varying(256),
    content text,
    content_ru text,
    content_ky text,
    image character varying(100),
    created_date date NOT NULL,
    construction_id bigint
);


ALTER TABLE public.news_blog_post OWNER TO postgres;

--
-- Name: news_blog_post_id_seq; Type: SEQUENCE; Schema: public; Owner: postgres
--

ALTER TABLE public.news_blog_post ALTER COLUMN id ADD GENERATED BY DEFAULT AS IDENTITY (
    SEQUENCE NAME public.news_blog_post_id_seq
    START WITH 1
    INCREMENT BY 1
    NO MINVALUE
    NO MAXVALUE
    CACHE 1
);


--
-- Name: news_blog_postimage; Type: TABLE; Schema: public; Owner: postgres
--

CREATE TABLE public.news_blog_postimage (
    id bigint NOT NULL,
    image character varying(100) NOT NULL,
    post_id bigint
);


ALTER TABLE public.news_blog_postimage OWNER TO postgres;

--
-- Name: news_blog_postimage_id_seq; Type: SEQUENCE; Schema: public; Owner: postgres
--

ALTER TABLE public.news_blog_postimage ALTER COLUMN id ADD GENERATED BY DEFAULT AS IDENTITY (
    SEQUENCE NAME public.news_blog_postimage_id_seq
    START WITH 1
    INCREMENT BY 1
    NO MINVALUE
    NO MAXVALUE
    CACHE 1
);


--
-- Name: team_member_member; Type: TABLE; Schema: public; Owner: postgres
--

CREATE TABLE public.team_member_member (
    id bigint NOT NULL,
    name character varying(256) NOT NULL,
    "position" character varying(256),
    position_ru character varying(256),
    position_ky character varying(256),
    job_category character varying(256),
    bio text,
    bio_ru text,
    bio_ky text,
    photo character varying(100),
    quote text NOT NULL,
    quote_ky text,
    quote_ru text,
    title text NOT NULL,
    title_ky text,
    title_ru text
);


ALTER TABLE public.team_member_member OWNER TO postgres;

--
-- Name: team_member_member_id_seq; Type: SEQUENCE; Schema: public; Owner: postgres
--

ALTER TABLE public.team_member_member ALTER COLUMN id ADD GENERATED BY DEFAULT AS IDENTITY (
    SEQUENCE NAME public.team_member_member_id_seq
    START WITH 1
    INCREMENT BY 1
    NO MINVALUE
    NO MAXVALUE
    CACHE 1
);


--
-- Data for Name: cache_inval_bgw_job; Type: TABLE DATA; Schema: _timescaledb_cache; Owner: postgres
--

COPY _timescaledb_cache.cache_inval_bgw_job  FROM stdin;
\.


--
-- Data for Name: cache_inval_extension; Type: TABLE DATA; Schema: _timescaledb_cache; Owner: postgres
--

COPY _timescaledb_cache.cache_inval_extension  FROM stdin;
\.


--
-- Data for Name: cache_inval_hypertable; Type: TABLE DATA; Schema: _timescaledb_cache; Owner: postgres
--

COPY _timescaledb_cache.cache_inval_hypertable  FROM stdin;
\.


--
-- Data for Name: hypertable; Type: TABLE DATA; Schema: _timescaledb_catalog; Owner: postgres
--

COPY _timescaledb_catalog.hypertable (id, schema_name, table_name, associated_schema_name, associated_table_prefix, num_dimensions, chunk_sizing_func_schema, chunk_sizing_func_name, chunk_target_size, compression_state, compressed_hypertable_id, replication_factor) FROM stdin;
\.


--
-- Data for Name: chunk; Type: TABLE DATA; Schema: _timescaledb_catalog; Owner: postgres
--

COPY _timescaledb_catalog.chunk (id, hypertable_id, schema_name, table_name, compressed_chunk_id, dropped) FROM stdin;
\.


--
-- Data for Name: dimension; Type: TABLE DATA; Schema: _timescaledb_catalog; Owner: postgres
--

COPY _timescaledb_catalog.dimension (id, hypertable_id, column_name, column_type, aligned, num_slices, partitioning_func_schema, partitioning_func, interval_length, integer_now_func_schema, integer_now_func) FROM stdin;
\.


--
-- Data for Name: dimension_slice; Type: TABLE DATA; Schema: _timescaledb_catalog; Owner: postgres
--

COPY _timescaledb_catalog.dimension_slice (id, dimension_id, range_start, range_end) FROM stdin;
\.


--
-- Data for Name: chunk_constraint; Type: TABLE DATA; Schema: _timescaledb_catalog; Owner: postgres
--

COPY _timescaledb_catalog.chunk_constraint (chunk_id, dimension_slice_id, constraint_name, hypertable_constraint_name) FROM stdin;
\.


--
-- Data for Name: chunk_data_node; Type: TABLE DATA; Schema: _timescaledb_catalog; Owner: postgres
--

COPY _timescaledb_catalog.chunk_data_node (chunk_id, node_chunk_id, node_name) FROM stdin;
\.


--
-- Data for Name: chunk_index; Type: TABLE DATA; Schema: _timescaledb_catalog; Owner: postgres
--

COPY _timescaledb_catalog.chunk_index (chunk_id, index_name, hypertable_id, hypertable_index_name) FROM stdin;
\.


--
-- Data for Name: compression_chunk_size; Type: TABLE DATA; Schema: _timescaledb_catalog; Owner: postgres
--

COPY _timescaledb_catalog.compression_chunk_size (chunk_id, compressed_chunk_id, uncompressed_heap_size, uncompressed_toast_size, uncompressed_index_size, compressed_heap_size, compressed_toast_size, compressed_index_size, numrows_pre_compression, numrows_post_compression) FROM stdin;
\.


--
-- Data for Name: continuous_agg; Type: TABLE DATA; Schema: _timescaledb_catalog; Owner: postgres
--

COPY _timescaledb_catalog.continuous_agg (mat_hypertable_id, raw_hypertable_id, user_view_schema, user_view_name, partial_view_schema, partial_view_name, bucket_width, direct_view_schema, direct_view_name, materialized_only) FROM stdin;
\.


--
-- Data for Name: continuous_aggs_hypertable_invalidation_log; Type: TABLE DATA; Schema: _timescaledb_catalog; Owner: postgres
--

COPY _timescaledb_catalog.continuous_aggs_hypertable_invalidation_log (hypertable_id, lowest_modified_value, greatest_modified_value) FROM stdin;
\.


--
-- Data for Name: continuous_aggs_invalidation_threshold; Type: TABLE DATA; Schema: _timescaledb_catalog; Owner: postgres
--

COPY _timescaledb_catalog.continuous_aggs_invalidation_threshold (hypertable_id, watermark) FROM stdin;
\.


--
-- Data for Name: continuous_aggs_materialization_invalidation_log; Type: TABLE DATA; Schema: _timescaledb_catalog; Owner: postgres
--

COPY _timescaledb_catalog.continuous_aggs_materialization_invalidation_log (materialization_id, lowest_modified_value, greatest_modified_value) FROM stdin;
\.


--
-- Data for Name: hypertable_compression; Type: TABLE DATA; Schema: _timescaledb_catalog; Owner: postgres
--

COPY _timescaledb_catalog.hypertable_compression (hypertable_id, attname, compression_algorithm_id, segmentby_column_index, orderby_column_index, orderby_asc, orderby_nullsfirst) FROM stdin;
\.


--
-- Data for Name: hypertable_data_node; Type: TABLE DATA; Schema: _timescaledb_catalog; Owner: postgres
--

COPY _timescaledb_catalog.hypertable_data_node (hypertable_id, node_hypertable_id, node_name, block_chunks) FROM stdin;
\.


--
-- Data for Name: metadata; Type: TABLE DATA; Schema: _timescaledb_catalog; Owner: postgres
--

COPY _timescaledb_catalog.metadata (key, value, include_in_telemetry) FROM stdin;
exported_uuid	6d1a314e-cdd1-4bf5-875b-a144f4717062	t
\.


--
-- Data for Name: remote_txn; Type: TABLE DATA; Schema: _timescaledb_catalog; Owner: postgres
--

COPY _timescaledb_catalog.remote_txn (data_node_name, remote_transaction_id) FROM stdin;
\.


--
-- Data for Name: tablespace; Type: TABLE DATA; Schema: _timescaledb_catalog; Owner: postgres
--

COPY _timescaledb_catalog.tablespace (id, hypertable_id, tablespace_name) FROM stdin;
\.


--
-- Data for Name: bgw_job; Type: TABLE DATA; Schema: _timescaledb_config; Owner: postgres
--

COPY _timescaledb_config.bgw_job (id, application_name, schedule_interval, max_runtime, max_retries, retry_period, proc_schema, proc_name, owner, scheduled, hypertable_id, config) FROM stdin;
\.


--
-- Data for Name: auth_group; Type: TABLE DATA; Schema: public; Owner: postgres
--

COPY public.auth_group (id, name) FROM stdin;
\.


--
-- Data for Name: auth_group_permissions; Type: TABLE DATA; Schema: public; Owner: postgres
--

COPY public.auth_group_permissions (id, group_id, permission_id) FROM stdin;
\.


--
-- Data for Name: auth_permission; Type: TABLE DATA; Schema: public; Owner: postgres
--

COPY public.auth_permission (id, name, content_type_id, codename) FROM stdin;
1	Can add log entry	1	add_logentry
2	Can change log entry	1	change_logentry
3	Can delete log entry	1	delete_logentry
4	Can view log entry	1	view_logentry
5	Can add permission	2	add_permission
6	Can change permission	2	change_permission
7	Can delete permission	2	delete_permission
8	Can view permission	2	view_permission
9	Can add group	3	add_group
10	Can change group	3	change_group
11	Can delete group	3	delete_group
12	Can view group	3	view_group
13	Can add user	4	add_user
14	Can change user	4	change_user
15	Can delete user	4	delete_user
16	Can view user	4	view_user
17	Can add content type	5	add_contenttype
18	Can change content type	5	change_contenttype
19	Can delete content type	5	delete_contenttype
20	Can view content type	5	view_contenttype
21	Can add session	6	add_session
22	Can change session	6	change_session
23	Can delete session	6	delete_session
24	Can view session	6	view_session
25	Can add attachment	7	add_attachment
26	Can change attachment	7	change_attachment
27	Can delete attachment	7	delete_attachment
28	Can view attachment	7	view_attachment
29	Can add Объект	8	add_construction
30	Can change Объект	8	change_construction
31	Can delete Объект	8	delete_construction
32	Can view Объект	8	view_construction
33	Can add Район	9	add_district
34	Can change Район	9	change_district
35	Can delete Район	9	delete_district
36	Can view Район	9	view_district
37	Can add Год сдачи объекта	10	add_year
38	Can change Год сдачи объекта	10	change_year
39	Can delete Год сдачи объекта	10	delete_year
40	Can view Год сдачи объекта	10	view_year
41	Can add Помещение	11	add_flat
42	Can change Помещение	11	change_flat
43	Can delete Помещение	11	delete_flat
44	Can view Помещение	11	view_flat
45	Can add Особенность	12	add_feature
46	Can change Особенность	12	change_feature
47	Can delete Особенность	12	delete_feature
48	Can view Особенность	12	view_feature
49	Can add Фотография объекта	13	add_constructionimage
50	Can change Фотография объекта	13	change_constructionimage
51	Can delete Фотография объекта	13	delete_constructionimage
52	Can view Фотография объекта	13	view_constructionimage
53	Can add Плюс объекта	14	add_advantage
54	Can change Плюс объекта	14	change_advantage
55	Can delete Плюс объекта	14	delete_advantage
56	Can view Плюс объекта	14	view_advantage
57	Can add Пост	15	add_post
58	Can change Пост	15	change_post
59	Can delete Пост	15	delete_post
60	Can view Пост	15	view_post
61	Can add post image	16	add_postimage
62	Can change post image	16	change_postimage
63	Can delete post image	16	delete_postimage
64	Can view post image	16	view_postimage
65	Can add Сотрудник	17	add_member
66	Can change Сотрудник	17	change_member
67	Can delete Сотрудник	17	delete_member
68	Can view Сотрудник	17	view_member
69	Can add Настройку	18	add_configuration
70	Can change Настройку	18	change_configuration
71	Can delete Настройку	18	delete_configuration
72	Can view Настройку	18	view_configuration
73	Can add document	19	add_document
74	Can change document	19	change_document
75	Can delete document	19	delete_document
76	Can view document	19	view_document
77	Can add infrastructure	20	add_infrastructure
78	Can change infrastructure	20	change_infrastructure
79	Can delete infrastructure	20	delete_infrastructure
80	Can view infrastructure	20	view_infrastructure
81	Can add block	21	add_block
82	Can change block	21	change_block
83	Can delete block	21	delete_block
84	Can view block	21	view_block
\.


--
-- Data for Name: auth_user; Type: TABLE DATA; Schema: public; Owner: postgres
--

COPY public.auth_user (id, password, last_login, is_superuser, username, first_name, last_name, email, is_staff, is_active, date_joined) FROM stdin;
1	pbkdf2_sha256$600000$lN2FS3jHYjBR4ENkkGecGV$sPHMURGGPRre0RWJSJdZMbaW7E5S9Mfi8PvKEPHxR0M=	2023-04-28 14:48:57.05991+00	t	admin			admin@admin.com	t	t	2023-04-13 15:59:58.419384+00
\.


--
-- Data for Name: auth_user_groups; Type: TABLE DATA; Schema: public; Owner: postgres
--

COPY public.auth_user_groups (id, user_id, group_id) FROM stdin;
\.


--
-- Data for Name: auth_user_user_permissions; Type: TABLE DATA; Schema: public; Owner: postgres
--

COPY public.auth_user_user_permissions (id, user_id, permission_id) FROM stdin;
\.


--
-- Data for Name: configuration_configuration; Type: TABLE DATA; Schema: public; Owner: postgres
--

COPY public.configuration_configuration (slug, name, header, footer) FROM stdin;
home	Главная		
for-investors	Инвесторам		
corporate-managment	Корпоративное управление		
contacts	Контакты		
about-us	О нас		
news	Новости		
news-details	Детали новостей		
cunstructions	Объекты		
cunstruction-details	Детали объектов		
root	Все		
\.


--
-- Data for Name: construction_object_advantage; Type: TABLE DATA; Schema: public; Owner: postgres
--

COPY public.construction_object_advantage (id, description, description_ru, description_ky, logo) FROM stdin;
1	Современные технологии и безопасные материалы	Современные технологии и безопасные материалы	Заманбап технологиялар жана коопсуз материалдар	media/advantage_logo/save_ef6r1j
2	Система умный дом, Face ID при входе в подъезд	Система умный дом, Face ID при входе в подъезд	Акылдуу үй системасы, кире бериште Face ID	media/advantage_logo/home_xzxe8b
3	Общественная терраса, приватный двор	Общественная терраса, приватный двор	Коомдук терраса, жеке короо	media/advantage_logo/plant_ppbigt
4	Четыре парка 10 минутной пешей доступности	Четыре парка 10 минутной пешей доступности	Төрт парк 10 мүнөт жөө аралыкта	media/advantage_logo/garden_x1mjd6
\.


--
-- Data for Name: construction_object_advantage_construction; Type: TABLE DATA; Schema: public; Owner: postgres
--

COPY public.construction_object_advantage_construction (id, advantage_id, construction_id) FROM stdin;
1	1	1
2	1	2
3	2	1
4	2	2
5	3	1
6	3	2
7	4	1
8	4	2
\.


--
-- Data for Name: construction_object_block; Type: TABLE DATA; Schema: public; Owner: postgres
--

COPY public.construction_object_block (id, block_name, plan_model, sides, construction_id, is_sold) FROM stdin;
1	А	media/2023-03-30_14.00.09_b1k13m	Север	2	f
3	C		Юг	1	f
4	CC		Восток	1	f
5	east		Север	4	f
6	west		Восток	4	f
7	Talsa		Север	3	f
8	Bishkek		Юг	3	f
9	Oleg		Восток	1	f
2	А	media/zapad_1_o9nswd	Юг	2	f
\.


--
-- Data for Name: construction_object_construction; Type: TABLE DATA; Schema: public; Owner: postgres
--

COPY public.construction_object_construction (id, title, main_picture, street_address, latitude, longitude, cost_per_square_meter, construction_state, construction_completion_quarter, min_price, installment, installment_ru, installment_ky, description, description_ru, description_ky, youtube_link, construction_completion_year_id, district_id, offer, type, key_words, selling_status, is_completed, is_selling) FROM stdin;
2	Local	media/construction_images/32_1_eazuvb	Токомбаева 33/2	42.824078	74.613025	800.00	40%	II	1000000	от 100 000 сом/мес	от 100 000 сом/мес	от 100 000 сом/мес	<p style="font-family: Roboto, sans-serif;">ЖК «LOCAL» - это уникальный и полностью продуманный до мелочей объект, который объединяет в себе комфорт и безопасность<br></p><ul style="font-family: Roboto, sans-serif;"><li>Умный дом</li><li>Подземный паркинг</li><li>Жизнь выше уровня смога</li><li>Самые продуманные планировки</li><li>Закрытая охраняемая территория</li><li>Парки, велодорожки и зоны отдыха</li></ul>	<p style="font-family: Roboto, sans-serif;">ЖК «LOCAL» - это уникальный и полностью продуманный до мелочей объект, который объединяет в себе комфорт и безопасность<br></p><ul style="font-family: Roboto, sans-serif;"><li>Умный дом</li><li>Подземный паркинг</li><li>Жизнь выше уровня смога</li><li>Самые продуманные планировки</li><li>Закрытая охраняемая территория</li><li>Парки, велодорожки и зоны отдыха</li></ul>	<p>dfgdfgdfg</p>	https://www.youtube.com/watch?v=BYyk2qqEyjE	1	3	Старт продаж	жилой	\N	\N	f	f
1	Emark Residence	media/construction_images/emark-residence_x0o4oo	ул. Боконбаева 202	42.855548	74.585338	700.00	10%	IV	2300000	от 100 000 сом/мес	от 100 000 сом/мес	100 000 сом/айына	<p>Мы создали принципиально новые решения, с чёткими критериями качества, гарантированным набором опций и сервисов, а главное — с высоким уровнем комфорта для человека.<br></p>	<p>Мы создали принципиально новые решения, с чёткими критериями качества, гарантированным набором опций и сервисов, а главное — с высоким уровнем комфорта для человека.<br></p>	<p>Биз так сапат критерийлери, кепилденген варианттар жана кызмат көрсөтүүлөр топтому, эң негизгиси адамдык комфорттун жогорку деңгээли менен принципиалдуу жаңы чечимдерди түздүк.<br></p>	https://www.youtube.com/watch?v=BYyk2qqEyjE	1	1	Скидки до 10%	жилой	hello, world,asdasd	\N	f	f
3	Сон коль+	media/construction_images/рендер_6_1_rrzjjq	7 апреля 27/1	\N	\N	700.00	90%	IV	1200000	от 100 000 сом/мес	от 100 000 сом/мес	от 100 000 сом/мес	<p>вапвап</p>	<p>вапвап</p>	<p>вапвап</p>	https://www.youtube.com/watch?v=BYyk2qqEyjE	1	2	Последнее предложение	жилой	\N	\N	f	f
4	Крейсер	media/construction_images/1_1_-_Фото_1_ceosqe	Байтик Баатыра, 7Б/2	42.818259	74.604416	900.00	80%	III	1000000	от 100 000 сом/мес	от 100 000 сом/мес	от 100 000 сом/мес	<p>аапвапвап</p>	<p>аапвапвап</p>	<p>вапвапвапвап</p>	\N	1	4	Последнее предложение	жилой	\N	\N	f	f
\.


--
-- Data for Name: construction_object_constructionimage; Type: TABLE DATA; Schema: public; Owner: postgres
--

COPY public.construction_object_constructionimage (id, image, construction_id) FROM stdin;
1	media/construction_images/Rectangle_57_esx7wr	1
2	media/construction_images/Rectangle_57_fwqtun	1
3	media/construction_images/рендер_6_1_yokgox	3
4	media/construction_images/32_1_x8nn35	2
5	media/construction_images/18_1_aamaxj	2
6	media/construction_images/1_1_-_Фото_ovxfaa	4
\.


--
-- Data for Name: construction_object_district; Type: TABLE DATA; Schema: public; Owner: postgres
--

COPY public.construction_object_district (id, title) FROM stdin;
1	Asia Mall
2	мкр Кок-жар
3	Южный микрорайон
4	с. Орто-Сай
\.


--
-- Data for Name: construction_object_feature; Type: TABLE DATA; Schema: public; Owner: postgres
--

COPY public.construction_object_feature (id, title, title_ru, title_ky, description, description_ru, description_ky, picture, construction_id) FROM stdin;
1	Расположение	Расположение	Жайгашкан жери	Мы создали принципиально новые решения, с чёткими критериями качества, гарантированным набором опций и сервисов, а главное — с высоким уровнем комфорта для человека.	Мы создали принципиально новые решения, с чёткими критериями качества, гарантированным набором опций и сервисов, а главное — с высоким уровнем комфорта для человека.	Биз так сапат критерийлери, кепилденген варианттар жана кызмат көрсөтүүлөр топтому, эң негизгиси адамдык комфорттун жогорку деңгээли менен принципиалдуу жаңы чечимдерди түздүк.	media/features/Rectangle_57_eerq2i	1
2	Инфраструктура	Инфраструктура	Инфраструктурасы	Мы создали принципиально новые решения, с чёткими критериями качества, гарантированным набором опций и сервисов, а главное — с высоким уровнем комфорта для человека.	Мы создали принципиально новые решения, с чёткими критериями качества, гарантированным набором опций и сервисов, а главное — с высоким уровнем комфорта для человека.	Мы создали принципиально новые решения, с чёткими критериями качества, гарантированным набором опций и сервисов, а главное — с высоким уровнем комфорта для человека.	media/features/infrastructure_xlufgs	1
3	Расположение	Расположение	Жайгашкан жери	<p>вапвапвап</p>	<p>вапвапвап</p>	\N		3
4	Расположение	Расположение	Жайгашкан жери	<p>вапвапвап</p>	<p>вапвапвап</p>	\N		3
\.


--
-- Data for Name: construction_object_flat; Type: TABLE DATA; Schema: public; Owner: postgres
--

COPY public.construction_object_flat (id, type, layout_photo, design_photo, rooms, square_meters, floor, price, mortgage, mortgage_ru, mortgage_ky, construction_id, block_id) FROM stdin;
1	жилой	media/layouts/помещения_qlyspm	media/layouts/video-preview_bfxbxb	2	57	1	1000000.00	от 10 000 сом/мес	от 10 000 сом/мес	10 000 сом баштап/айына	1	\N
3	\N			\N	\N	\N	\N	\N	\N	\N	2	1
2	коммерческий	media/layouts/помещения_p9tyhy	media/layouts/помещения_jh33je	Studio	30	-1	1000000.00	от 10 000 сом/мес	от 10 000 сом/мес	10 000 сом баштап/айына	1	3
\.


--
-- Data for Name: construction_object_infrastructure; Type: TABLE DATA; Schema: public; Owner: postgres
--

COPY public.construction_object_infrastructure (id, culture, medicine, education, finance, trade, food, sport, service, construction_id) FROM stdin;
2	10	9	8	7	6	5	4	3	3
3	1	1	1	2	3	4	5	1	2
1	10	9	10	10	10	10	10	10	4
4	10	2	11	\N	2	\N	32	34	1
\.


--
-- Data for Name: construction_object_year; Type: TABLE DATA; Schema: public; Owner: postgres
--

COPY public.construction_object_year (id, year) FROM stdin;
1	2023
2	2024
3	2025
4	2026
5	2027
6	2028
7	2029
8	2030
\.


--
-- Data for Name: django_admin_log; Type: TABLE DATA; Schema: public; Owner: postgres
--

COPY public.django_admin_log (id, action_time, object_id, object_repr, action_flag, change_message, content_type_id, user_id) FROM stdin;
1	2023-04-13 16:00:49.476553+00	1	Новости компании-<p>asdfghjk</p>	1	[{"added": {}}, {"added": {"name": "post image", "object": "PostImage object (1)"}}]	15	1
2	2023-04-14 07:38:22.437908+00	1	Новости компании-<p>Название ru</p>	2	[{"changed": {"fields": ["\\u041d\\u0430\\u0437\\u0432\\u0430\\u043d\\u0438\\u0435 [ru]", "\\u041d\\u0430\\u0437\\u0432\\u0430\\u043d\\u0438\\u0435 [ky]"]}}]	15	1
3	2023-04-17 05:54:16.249785+00	1	Asia Mall	1	[{"added": {}}]	9	1
4	2023-04-17 05:55:53.531433+00	1	2023	1	[{"added": {}}]	10	1
5	2023-04-17 06:03:19.206321+00	1	Emark Residence, ул. Боконбаева 202	1	[{"added": {}}]	8	1
6	2023-04-17 08:15:39.621854+00	2	Resuid, Ахунбаева 143	1	[{"added": {}}]	8	1
7	2023-04-17 10:55:46.06401+00	2	Resuid, Ахунбаева 143	2	[{"changed": {"fields": ["\\u0422\\u0438\\u043f \\u043e\\u0431\\u044a\\u0435\\u043a\\u0442\\u0430"]}}]	8	1
8	2023-04-17 10:55:59.206909+00	1	Emark Residence, ул. Боконбаева 202	2	[{"changed": {"fields": ["\\u0422\\u0438\\u043f \\u043e\\u0431\\u044a\\u0435\\u043a\\u0442\\u0430"]}}]	8	1
9	2023-04-18 07:45:04.112977+00	1	Emark Residence, ул. Боконбаева 202	2	[{"added": {"name": "\\u0424\\u043e\\u0442\\u043e\\u0433\\u0440\\u0430\\u0444\\u0438\\u044f \\u043e\\u0431\\u044a\\u0435\\u043a\\u0442\\u0430", "object": "ConstructionImage object (1)"}}]	8	1
10	2023-04-18 09:49:08.717731+00	2	2024	1	[{"added": {}}]	10	1
11	2023-04-18 09:49:14.511775+00	3	2025	1	[{"added": {}}]	10	1
12	2023-04-18 09:49:20.160498+00	4	20266	1	[{"added": {}}]	10	1
13	2023-04-18 09:49:28.008492+00	4	2026	2	[{"changed": {"fields": ["\\u0413\\u043e\\u0434"]}}]	10	1
14	2023-04-18 09:49:34.208101+00	5	2027	1	[{"added": {}}]	10	1
15	2023-04-18 09:49:39.270086+00	6	2028	1	[{"added": {}}]	10	1
16	2023-04-18 09:49:46.595938+00	7	2029	1	[{"added": {}}]	10	1
17	2023-04-18 09:49:52.111166+00	8	2030	1	[{"added": {}}]	10	1
18	2023-04-20 08:19:28.298004+00	1	Emark Residence, ул. Боконбаева 202	2	[{"added": {"name": "\\u0424\\u043e\\u0442\\u043e\\u0433\\u0440\\u0430\\u0444\\u0438\\u044f \\u043e\\u0431\\u044a\\u0435\\u043a\\u0442\\u0430", "object": "ConstructionImage object (2)"}}]	8	1
19	2023-04-20 08:26:07.828621+00	1	Emark Residence, ул. Боконбаева 202	2	[{"changed": {"name": "\\u0424\\u043e\\u0442\\u043e\\u0433\\u0440\\u0430\\u0444\\u0438\\u044f \\u043e\\u0431\\u044a\\u0435\\u043a\\u0442\\u0430", "object": "ConstructionImage object (2)", "fields": ["\\u0424\\u043e\\u0442\\u043e\\u0433\\u0440\\u0430\\u0444\\u0438\\u0438"]}}]	8	1
20	2023-04-20 14:14:03.79173+00	1	Emark Residence, ул. Боконбаева 202	2	[{"changed": {"fields": ["\\u041a\\u0432\\u0430\\u0440\\u0442\\u0430\\u043b \\u0441\\u0434\\u0430\\u0447\\u0438 \\u043e\\u0431\\u044a\\u0435\\u043a\\u0442\\u0430"]}}]	8	1
21	2023-04-20 14:42:08.067923+00	1	Emark Residence, ул. Боконбаева 202	2	[{"changed": {"fields": ["\\u041a\\u0432\\u0430\\u0440\\u0442\\u0430\\u043b \\u0441\\u0434\\u0430\\u0447\\u0438 \\u043e\\u0431\\u044a\\u0435\\u043a\\u0442\\u0430"]}}]	8	1
22	2023-04-22 08:31:23.850516+00	1	Emark Residence, ул. Боконбаева 202	2	[{"added": {"name": "\\u041e\\u0441\\u043e\\u0431\\u0435\\u043d\\u043d\\u043e\\u0441\\u0442\\u044c", "object": "Emark Residence-\\u0420\\u0430\\u0441\\u043f\\u043e\\u043b\\u043e\\u0436\\u0435\\u043d\\u0438\\u0435"}}, {"added": {"name": "\\u041e\\u0441\\u043e\\u0431\\u0435\\u043d\\u043d\\u043e\\u0441\\u0442\\u044c", "object": "Emark Residence-\\u0418\\u043d\\u0444\\u0440\\u0430\\u0441\\u0442\\u0440\\u0443\\u043a\\u0442\\u0443\\u0440\\u0430"}}]	8	1
23	2023-04-22 08:53:34.285886+00	1	Современные технологии и безопасные материалы	1	[{"added": {}}]	14	1
24	2023-04-22 08:54:52.928587+00	2	Система умный дом, Face ID при входе в подъезд	1	[{"added": {}}]	14	1
25	2023-04-22 08:55:59.016611+00	3	Общественная терраса, приватный двор	1	[{"added": {}}]	14	1
26	2023-04-22 08:56:27.189714+00	4	Четыре парка 10 минутной пешей доступности	1	[{"added": {}}]	14	1
27	2023-04-22 12:34:53.414297+00	1	Emark Residence-жилой-57m2	1	[{"added": {}}]	11	1
28	2023-04-22 12:45:46.310708+00	1	Emark Residence-жилой-57m2	2	[{"changed": {"fields": ["\\u041f\\u043b\\u0430\\u043d\\u0438\\u0440\\u043e\\u0432\\u043a\\u0430 ", "3D \\u043c\\u043e\\u0434\\u0435\\u043b\\u044c"]}}]	11	1
29	2023-04-22 12:49:02.003319+00	2	Emark Residence-коммерческий-30m2	1	[{"added": {}}]	11	1
30	2023-04-24 01:03:53.16663+00	1	Emark Residence-жилой-57m2	2	[{"changed": {"fields": ["3D \\u043c\\u043e\\u0434\\u0435\\u043b\\u044c"]}}]	11	1
31	2023-04-24 03:20:36.848359+00	1	Акматов Чолпонбек-Генеральный Директор	1	[{"added": {}}]	17	1
32	2023-04-24 03:26:44.707279+00	1	Акматов Чолпонбек-Генеральный Директор	2	[{"changed": {"fields": ["\\u0424\\u043e\\u0442\\u043e"]}}]	17	1
33	2023-04-24 04:28:39.38341+00	1	Новости компании-<p>Название ru</p>	2	[{"changed": {"fields": ["\\u041a\\u043e\\u043d\\u0442\\u0435\\u043d\\u0442 [ru]", "\\u041a\\u043e\\u043d\\u0442\\u0435\\u043d\\u0442 [ky]"]}}]	15	1
34	2023-04-24 12:19:03.515238+00	2	Local, Ахунбаева 143	2	[{"changed": {"fields": ["\\u041d\\u0430\\u0437\\u0432\\u0430\\u043d\\u0438\\u0435", "\\u041a\\u0432\\u0430\\u0440\\u0442\\u0430\\u043b \\u0441\\u0434\\u0430\\u0447\\u0438 \\u043e\\u0431\\u044a\\u0435\\u043a\\u0442\\u0430"]}}]	8	1
35	2023-04-25 17:28:28.905299+00	2	мкр Кок-жар	1	[{"added": {}}]	9	1
36	2023-04-26 05:45:54.01741+00	3	Сон коль+, мкр Кок жар	1	[{"added": {}}, {"added": {"name": "\\u0424\\u043e\\u0442\\u043e\\u0433\\u0440\\u0430\\u0444\\u0438\\u044f \\u043e\\u0431\\u044a\\u0435\\u043a\\u0442\\u0430", "object": "ConstructionImage object (3)"}}]	8	1
37	2023-04-26 05:49:45.780868+00	3	Сон коль+, мкр Кок жар	2	[{"changed": {"fields": ["\\u041c\\u0438\\u043d\\u0438\\u043c\\u0430\\u043b\\u044c\\u043d\\u0430\\u044f \\u0446\\u0435\\u043d\\u0430 \\u043e\\u0442"]}}]	8	1
38	2023-04-26 05:51:35.292373+00	3	Сон коль+, 7 апреля 27/1	2	[{"changed": {"fields": ["\\u0410\\u0434\\u0440\\u0435\\u0441 \\u0443\\u043b\\u0438\\u0446\\u044b"]}}]	8	1
39	2023-04-26 05:52:23.734431+00	3	Сон коль+, 7 апреля 27/1	2	[{"changed": {"fields": ["\\u0412 \\u0440\\u0430\\u0441\\u0441\\u0440\\u043e\\u0447\\u043a\\u0443 [ru]", "\\u0412 \\u0440\\u0430\\u0441\\u0441\\u0440\\u043e\\u0447\\u043a\\u0443 [ky]"]}}]	8	1
40	2023-04-26 05:52:52.989644+00	1	Emark Residence, ул. Боконбаева 202	2	[{"changed": {"fields": ["\\u0422\\u0438\\u043f \\u043e\\u0431\\u044a\\u0435\\u043a\\u0442\\u0430"]}}]	8	1
41	2023-04-26 05:53:55.413621+00	3	Сон коль+, 7 апреля 27/1	2	[{"changed": {"fields": ["\\u0412 \\u0440\\u0430\\u0441\\u0441\\u0440\\u043e\\u0447\\u043a\\u0443 [ru]", "\\u0412 \\u0440\\u0430\\u0441\\u0441\\u0440\\u043e\\u0447\\u043a\\u0443 [ky]", "\\u0421\\u0441\\u044b\\u043b\\u043a\\u0430 \\u043d\\u0430 \\u0432\\u0438\\u0434\\u0435\\u043e"]}}, {"added": {"name": "\\u041e\\u0441\\u043e\\u0431\\u0435\\u043d\\u043d\\u043e\\u0441\\u0442\\u044c", "object": "\\u0421\\u043e\\u043d \\u043a\\u043e\\u043b\\u044c+-\\u0420\\u0430\\u0441\\u043f\\u043e\\u043b\\u043e\\u0436\\u0435\\u043d\\u0438\\u0435"}}]	8	1
83	2023-04-29 10:19:30.668752+00	4	Emark Residence - CC	1	[{"added": {}}]	21	1
84	2023-04-29 10:19:59.235206+00	5	Крейсер - east	1	[{"added": {}}]	21	1
42	2023-04-26 05:54:46.501638+00	3	Сон коль+, 7 апреля 27/1	2	[{"added": {"name": "\\u041e\\u0441\\u043e\\u0431\\u0435\\u043d\\u043d\\u043e\\u0441\\u0442\\u044c", "object": "\\u0421\\u043e\\u043d \\u043a\\u043e\\u043b\\u044c+-\\u0420\\u0430\\u0441\\u043f\\u043e\\u043b\\u043e\\u0436\\u0435\\u043d\\u0438\\u0435"}}, {"changed": {"name": "\\u041e\\u0441\\u043e\\u0431\\u0435\\u043d\\u043d\\u043e\\u0441\\u0442\\u044c", "object": "\\u0421\\u043e\\u043d \\u043a\\u043e\\u043b\\u044c+-\\u0420\\u0430\\u0441\\u043f\\u043e\\u043b\\u043e\\u0436\\u0435\\u043d\\u0438\\u0435", "fields": ["\\u041e\\u043f\\u0438\\u0441\\u0430\\u043d\\u0438\\u0435 \\u043e\\u0441\\u043e\\u0431\\u0435\\u043d\\u043d\\u043e\\u0441\\u0442\\u0438 [ru]"]}}]	8	1
43	2023-04-26 09:13:56.965306+00	2	Данияр-Руководитель отдела продаж	1	[{"added": {}}]	17	1
44	2023-04-26 09:23:56.927748+00	2	Данияр-Руководитель отдела продаж	2	[{"changed": {"fields": ["\\u0424\\u043e\\u0442\\u043e"]}}]	17	1
45	2023-04-26 09:33:01.671594+00	3	Мамытов Атабек-Директор проектной компании	1	[{"added": {}}]	17	1
46	2023-04-26 11:19:27.222418+00	1	test	1	[{"added": {}}]	19	1
47	2023-04-26 11:20:16.277322+00	2	tets 2	1	[{"added": {}}]	19	1
48	2023-04-26 11:32:35.754213+00	3	test 3	1	[{"added": {}}]	19	1
49	2023-04-26 11:37:18.080508+00	3	test 3	3		19	1
50	2023-04-26 11:37:18.297955+00	2	tets 2	3		19	1
51	2023-04-26 11:37:18.513055+00	1	test	3		19	1
52	2023-04-26 11:37:45.094184+00	4	test 1	1	[{"added": {}}]	19	1
53	2023-04-28 08:45:16.598388+00	3	Южные микрорайоны	1	[{"added": {}}]	9	1
54	2023-04-28 08:45:24.664553+00	3	Южный микрорайон	2	[{"changed": {"fields": ["\\u041d\\u0430\\u0437\\u0432\\u0430\\u043d\\u0438\\u0435"]}}]	9	1
55	2023-04-28 08:47:16.613687+00	2	Local, Токомбаева 33/2	2	[{"changed": {"fields": ["\\u0410\\u0434\\u0440\\u0435\\u0441 \\u0443\\u043b\\u0438\\u0446\\u044b", "\\u0420\\u0430\\u0439\\u043e\\u043d", "\\u0428\\u0438\\u0440\\u043e\\u0442\\u0430", "\\u0414\\u043e\\u043b\\u0433\\u043e\\u0442\\u0430"]}}]	8	1
56	2023-04-28 08:48:57.173804+00	2	Local, Токомбаева 33/2	2	[{"changed": {"fields": ["\\u0428\\u0438\\u0440\\u043e\\u0442\\u0430", "\\u0414\\u043e\\u043b\\u0433\\u043e\\u0442\\u0430", "\\u041a\\u0432\\u0430\\u0440\\u0442\\u0430\\u043b \\u0441\\u0434\\u0430\\u0447\\u0438 \\u043e\\u0431\\u044a\\u0435\\u043a\\u0442\\u0430", "\\u0412 \\u0440\\u0430\\u0441\\u0441\\u0440\\u043e\\u0447\\u043a\\u0443 [ru]", "\\u0412 \\u0440\\u0430\\u0441\\u0441\\u0440\\u043e\\u0447\\u043a\\u0443 [ky]", "\\u041e\\u043f\\u0438\\u0441\\u0430\\u043d\\u0438\\u0435 \\u043e\\u0431\\u044a\\u0435\\u043a\\u0442\\u0430 [ru]", "\\u041e\\u043f\\u0438\\u0441\\u0430\\u043d\\u0438\\u0435 \\u043e\\u0431\\u044a\\u0435\\u043a\\u0442\\u0430 [ky]", "\\u0412 \\u043f\\u0440\\u043e\\u0434\\u0430\\u0436\\u0435"]}}]	8	1
57	2023-04-28 08:50:07.946987+00	2	Local, Токомбаева 33/2	2	[{"changed": {"fields": ["\\u0421\\u0441\\u044b\\u043b\\u043a\\u0430 \\u043d\\u0430 \\u0432\\u0438\\u0434\\u0435\\u043e"]}}]	8	1
58	2023-04-28 08:52:29.954006+00	2	Local, Токомбаева 33/2	2	[{"changed": {"fields": ["\\u0413\\u043b\\u0430\\u0432\\u043d\\u0430\\u044f \\u0444\\u043e\\u0442\\u043e\\u0433\\u0440\\u0430\\u0444\\u0438\\u044f"]}}]	8	1
59	2023-04-28 08:54:10.014799+00	2	Local, Токомбаева 33/2	2	[{"added": {"name": "\\u0424\\u043e\\u0442\\u043e\\u0433\\u0440\\u0430\\u0444\\u0438\\u044f \\u043e\\u0431\\u044a\\u0435\\u043a\\u0442\\u0430", "object": "ConstructionImage object (4)"}}]	8	1
60	2023-04-28 08:57:29.292316+00	2	Local, Токомбаева 33/2	2	[{"added": {"name": "\\u0424\\u043e\\u0442\\u043e\\u0433\\u0440\\u0430\\u0444\\u0438\\u044f \\u043e\\u0431\\u044a\\u0435\\u043a\\u0442\\u0430", "object": "ConstructionImage object (5)"}}]	8	1
61	2023-04-28 09:09:37.572471+00	2	Local, Токомбаева 33/2	2	[{"changed": {"fields": ["\\u041e\\u043f\\u0438\\u0441\\u0430\\u043d\\u0438\\u0435 \\u043e\\u0431\\u044a\\u0435\\u043a\\u0442\\u0430 [ru]"]}}]	8	1
62	2023-04-28 12:23:08.822155+00	1	Акматов Чолпонбек-Генеральный Директор	2	[{"changed": {"fields": ["\\u0417\\u0430\\u0433\\u043e\\u043b\\u043e\\u0432\\u043e\\u043a [ru]", "\\u0417\\u0430\\u0433\\u043e\\u043b\\u043e\\u0432\\u043e\\u043a [ky]", "\\u0426\\u0438\\u0442\\u0430\\u0442\\u0430 [ru]", "\\u0426\\u0438\\u0442\\u0430\\u0442\\u0430 [ky]", "\\u0411\\u0438\\u043e [ru]", "\\u0411\\u0438\\u043e [ky]"]}}]	17	1
63	2023-04-28 14:51:47.729968+00	4	с. Орто-Сай	1	[{"added": {}}]	9	1
64	2023-04-28 14:55:40.608448+00	4	Крейсер, Байтик Баатыра, 7Б/2	1	[{"added": {}}, {"added": {"name": "\\u0424\\u043e\\u0442\\u043e\\u0433\\u0440\\u0430\\u0444\\u0438\\u044f \\u043e\\u0431\\u044a\\u0435\\u043a\\u0442\\u0430", "object": "ConstructionImage object (6)"}}]	8	1
65	2023-04-28 14:57:43.515356+00	1	Emark Residence, ул. Боконбаева 202	2	[{"changed": {"fields": ["\\u041f\\u043e\\u0441\\u0442\\u0440\\u043e\\u0435\\u043d"]}}]	8	1
66	2023-04-28 14:58:03.919865+00	4	Крейсер, Байтик Баатыра, 7Б/2	2	[{"changed": {"fields": ["\\u041c\\u0438\\u043d\\u0438\\u043c\\u0430\\u043b\\u044c\\u043d\\u0430\\u044f \\u0446\\u0435\\u043d\\u0430 \\u043e\\u0442"]}}]	8	1
67	2023-04-28 14:58:37.346394+00	4	Крейсер, Байтик Баатыра, 7Б/2	2	[{"changed": {"fields": ["\\u041c\\u0438\\u043d\\u0438\\u043c\\u0430\\u043b\\u044c\\u043d\\u0430\\u044f \\u0446\\u0435\\u043d\\u0430 \\u043e\\u0442"]}}]	8	1
68	2023-04-28 15:55:08.119873+00	4	Крейсер, Байтик Баатыра, 7Б/2	2	[{"added": {"name": "infrastructure", "object": "\\u041a\\u0440\\u0435\\u0439\\u0441\\u0435\\u0440, \\u0411\\u0430\\u0439\\u0442\\u0438\\u043a \\u0411\\u0430\\u0430\\u0442\\u044b\\u0440\\u0430, 7\\u0411/2"}}]	8	1
69	2023-04-28 15:55:47.159705+00	3	Сон коль+, 7 апреля 27/1	2	[{"added": {"name": "infrastructure", "object": "\\u0421\\u043e\\u043d \\u043a\\u043e\\u043b\\u044c+, 7 \\u0430\\u043f\\u0440\\u0435\\u043b\\u044f 27/1"}}]	8	1
70	2023-04-29 06:46:04.974195+00	2	Новости компании-<p><span style="color: rgb(32, 33, 36); font-family: docs-Roboto; font-size: 32px;">Требуется инженер ПТО</span><br></p>	1	[{"added": {}}]	15	1
71	2023-04-29 07:27:08.027244+00	2	Local, Токомбаева 33/2	2	[{"added": {"name": "infrastructure", "object": "Local, \\u0422\\u043e\\u043a\\u043e\\u043c\\u0431\\u0430\\u0435\\u0432\\u0430 33/2"}}]	8	1
72	2023-04-29 07:58:57.323769+00	2	Новости компании-Требуется инженер ПТО	2	[{"changed": {"fields": ["\\u041d\\u0430\\u0437\\u0432\\u0430\\u043d\\u0438\\u0435 [ru]", "\\u041d\\u0430\\u0437\\u0432\\u0430\\u043d\\u0438\\u0435 [ky]"]}}]	15	1
73	2023-04-29 07:59:37.535372+00	1	Новости компании-Название ru	2	[{"changed": {"fields": ["\\u041d\\u0430\\u0437\\u0432\\u0430\\u043d\\u0438\\u0435 [ru]", "\\u041d\\u0430\\u0437\\u0432\\u0430\\u043d\\u0438\\u0435 [ky]"]}}]	15	1
74	2023-04-29 07:59:40.228734+00	1	Новости компании-Название ru	2	[]	15	1
75	2023-04-29 08:09:19.624568+00	root	root	1	[{"added": {}}]	18	1
76	2023-04-29 08:09:22.790447+00	Amocrm	Соц.кнопки	1	[{"added": {}}]	18	1
77	2023-04-29 08:11:19.309138+00	Amocrm	Соц.кнопки	2	[]	18	1
78	2023-04-29 08:11:46.636396+00	root	root	2	[{"changed": {"fields": ["Footer"]}}]	18	1
79	2023-04-29 09:10:31.395786+00	1	Block object (1)	1	[{"added": {}}]	21	1
80	2023-04-29 09:28:21.373572+00	3	Local-None-Nonem2	1	[{"added": {}}]	11	1
81	2023-04-29 10:18:18.267166+00	2	Local - А	1	[{"added": {}}]	21	1
82	2023-04-29 10:19:03.425792+00	3	Emark Residence - C	1	[{"added": {}}]	21	1
85	2023-04-29 10:20:25.348495+00	6	Крейсер - west	1	[{"added": {}}]	21	1
86	2023-04-29 10:20:54.941813+00	7	Сон коль+ - Talsa	1	[{"added": {}}]	21	1
87	2023-04-29 10:21:38.358448+00	8	Сон коль+ - Bishkek	1	[{"added": {}}]	21	1
88	2023-04-29 10:34:47.866636+00	root	root	2	[{"changed": {"fields": ["Header", "Footer"]}}]	18	1
89	2023-04-29 10:35:58.659882+00	root	root	2	[{"changed": {"fields": ["Header"]}}]	18	1
90	2023-04-29 10:36:17.804156+00	root	root	2	[{"changed": {"fields": ["Header"]}}]	18	1
91	2023-04-29 10:40:15.671029+00	home	Главная	1	[{"added": {}}]	18	1
92	2023-04-29 10:40:36.312054+00	for-investors	Инвесторам	1	[{"added": {}}]	18	1
93	2023-04-29 10:41:02.970781+00	corporate-managment	Корпоративное управление	1	[{"added": {}}]	18	1
94	2023-04-29 10:41:17.657978+00	contacts	Контакты	1	[{"added": {}}]	18	1
95	2023-04-29 10:41:26.871135+00	about-us	О нас	1	[{"added": {}}]	18	1
96	2023-04-29 10:41:42.66071+00	news	Новости	1	[{"added": {}}]	18	1
97	2023-04-29 10:42:02.500485+00	news-details	Детали новостей	1	[{"added": {}}]	18	1
98	2023-04-29 10:42:25.362361+00	cunstructions	Объекты	1	[{"added": {}}]	18	1
99	2023-04-29 10:42:41.239566+00	cunstruction-details	Детали объектов	1	[{"added": {}}]	18	1
100	2023-04-29 10:42:50.089357+00	root	Все	2	[{"changed": {"fields": ["\\u0418\\u043c\\u044f \\u043d\\u0430\\u0441\\u0442\\u0440\\u043e\\u0439\\u043a\\u0438"]}}]	18	1
101	2023-04-29 10:43:02.699416+00	Amocrm	Соц.кнопки	3		18	1
102	2023-04-29 10:43:15.931305+00	root	Все	2	[{"changed": {"fields": ["Header"]}}]	18	1
103	2023-04-29 10:44:23.223415+00	root	Все	2	[{"changed": {"fields": ["Header", "Footer"]}}]	18	1
104	2023-04-29 10:46:43.446867+00	root	Все	2	[{"changed": {"fields": ["Footer"]}}]	18	1
105	2023-04-29 10:46:54.342903+00	root	Все	2	[{"changed": {"fields": ["Header", "Footer"]}}]	18	1
106	2023-04-29 10:47:07.238662+00	root	Все	2	[{"changed": {"fields": ["Header"]}}]	18	1
107	2023-04-29 11:02:57.316228+00	root	Все	2	[{"changed": {"fields": ["Header"]}}]	18	1
108	2023-04-29 11:04:09.029345+00	4	Крейсер, Байтик Баатыра, 7Б/2	2	[{"changed": {"name": "\\u0418\\u043d\\u0444\\u0440\\u0430\\u0441\\u0442\\u0440\\u0443\\u043a\\u0442\\u0443\\u0440\\u0430", "object": "\\u041a\\u0440\\u0435\\u0439\\u0441\\u0435\\u0440, \\u0411\\u0430\\u0439\\u0442\\u0438\\u043a \\u0411\\u0430\\u0430\\u0442\\u044b\\u0440\\u0430, 7\\u0411/2", "fields": ["\\u041c\\u0435\\u0434\\u0438\\u0446\\u0438\\u043d\\u0430"]}}]	8	1
109	2023-04-29 11:14:15.323107+00	9	Emark Residence - Oleg	1	[{"added": {}}]	21	1
110	2023-04-29 11:24:53.695716+00	2	Local - А	2	[{"changed": {"fields": ["\\u041f\\u043b\\u0430\\u043d"]}}]	21	1
111	2023-04-29 11:24:54.509462+00	2	Local - А	2	[{"changed": {"fields": ["\\u041f\\u043b\\u0430\\u043d"]}}]	21	1
112	2023-04-29 11:42:07.311602+00	4	Канат-Фининасовый директор	1	[{"added": {}}]	17	1
113	2023-04-29 11:45:12.071069+00	5	Марат-Коммерческий директор	1	[{"added": {}}]	17	1
114	2023-04-29 11:49:23.59972+00	4	Канат-Фининасовый директор	2	[{"changed": {"fields": ["\\u0424\\u043e\\u0442\\u043e"]}}]	17	1
115	2023-04-29 11:50:09.002776+00	5	Марат-Коммерческий директор	2	[{"changed": {"fields": ["\\u0424\\u043e\\u0442\\u043e"]}}]	17	1
116	2023-04-29 11:51:59.708232+00	6	Алина-Секретарь	1	[{"added": {}}]	17	1
117	2023-04-29 11:53:04.899988+00	7	Асель-Юрист	1	[{"added": {}}]	17	1
118	2023-04-29 11:53:37.308746+00	7	Асель-Юрист	2	[]	17	1
119	2023-04-29 11:55:54.361406+00	2	Данияр-Руководитель отдела продаж	3		17	1
120	2023-04-29 11:56:48.577823+00	8	Данияр-Руководитель отдела продаж	1	[{"added": {}}]	17	1
121	2023-04-29 11:58:47.323159+00	1	Акматов Чолпонбек-Генеральный Директор	2	[{"changed": {"fields": ["\\u0424\\u043e\\u0442\\u043e"]}}]	17	1
122	2023-04-29 12:08:39.594388+00	2	Emark Residence-коммерческий-30m2	2	[{"changed": {"fields": ["\\u041a\\u043e\\u0440\\u043f\\u0443\\u0441"]}}]	11	1
123	2023-04-29 12:10:52.909756+00	1	Emark Residence, ул. Боконбаева 202	2	[{"added": {"name": "\\u0418\\u043d\\u0444\\u0440\\u0430\\u0441\\u0442\\u0440\\u0443\\u043a\\u0442\\u0443\\u0440\\u0430", "object": "Emark Residence, \\u0443\\u043b.\\u00a0\\u0411\\u043e\\u043a\\u043e\\u043d\\u0431\\u0430\\u0435\\u0432\\u0430 202"}}]	8	1
124	2023-04-29 13:26:00.500258+00	1	Новости компании-Требуется ПТО	2	[{"changed": {"fields": ["\\u041d\\u0430\\u0437\\u0432\\u0430\\u043d\\u0438\\u0435 [ru]", "\\u041d\\u0430\\u0437\\u0432\\u0430\\u043d\\u0438\\u0435 [ky]", "\\u041a\\u043e\\u043d\\u0442\\u0435\\u043d\\u0442 [ru]", "\\u041a\\u043e\\u043d\\u0442\\u0435\\u043d\\u0442 [ky]"]}}]	15	1
125	2023-04-29 13:27:40.026674+00	1	Новости компании-Требуется ПТО	2	[{"changed": {"fields": ["\\u041a\\u0430\\u0440\\u0442\\u0438\\u043d\\u043a\\u0430 \\u043f\\u043e\\u0441\\u0442\\u0430"]}}]	15	1
126	2023-04-29 17:16:41.363002+00	3	Мамытов Атабек-Директор проектной компании	3		17	1
127	2023-04-30 11:13:46.8854+00	1	Emark Residence, ул. Боконбаева 202	2	[{"changed": {"fields": ["\\u041a\\u043b\\u044e\\u0447\\u0435\\u0432\\u044b\\u0435 \\u0441\\u043b\\u043e\\u0432\\u0430 (SEO)"]}}]	8	1
128	2023-04-30 11:24:28.475893+00	3	Пресс-центр-тест	1	[{"added": {}}]	15	1
129	2023-05-01 06:47:36.084801+00	3	Пресс-центр-тест	3		15	1
\.


--
-- Data for Name: django_content_type; Type: TABLE DATA; Schema: public; Owner: postgres
--

COPY public.django_content_type (id, app_label, model) FROM stdin;
1	admin	logentry
2	auth	permission
3	auth	group
4	auth	user
5	contenttypes	contenttype
6	sessions	session
7	django_summernote	attachment
8	construction_object	construction
9	construction_object	district
10	construction_object	year
11	construction_object	flat
12	construction_object	feature
13	construction_object	constructionimage
14	construction_object	advantage
15	news_blog	post
16	news_blog	postimage
17	team_member	member
18	configuration	configuration
19	document	document
20	construction_object	infrastructure
21	construction_object	block
\.


--
-- Data for Name: django_migrations; Type: TABLE DATA; Schema: public; Owner: postgres
--

COPY public.django_migrations (id, app, name, applied) FROM stdin;
1	contenttypes	0001_initial	2023-04-13 12:00:11.593957+00
2	auth	0001_initial	2023-04-13 12:00:19.971631+00
3	admin	0001_initial	2023-04-13 12:00:22.203915+00
4	admin	0002_logentry_remove_auto_add	2023-04-13 12:00:23.099521+00
5	admin	0003_logentry_add_action_flag_choices	2023-04-13 12:00:24.224884+00
6	contenttypes	0002_remove_content_type_name	2023-04-13 12:00:25.965895+00
7	auth	0002_alter_permission_name_max_length	2023-04-13 12:00:27.220827+00
8	auth	0003_alter_user_email_max_length	2023-04-13 12:00:28.550964+00
9	auth	0004_alter_user_username_opts	2023-04-13 12:00:29.651421+00
10	auth	0005_alter_user_last_login_null	2023-04-13 12:00:31.086915+00
11	auth	0006_require_contenttypes_0002	2023-04-13 12:00:32.318601+00
12	auth	0007_alter_validators_add_error_messages	2023-04-13 12:00:33.523322+00
13	auth	0008_alter_user_username_max_length	2023-04-13 12:00:34.976454+00
14	auth	0009_alter_user_last_name_max_length	2023-04-13 12:00:36.513283+00
15	auth	0010_alter_group_name_max_length	2023-04-13 12:00:37.844968+00
16	auth	0011_update_proxy_permissions	2023-04-13 12:00:38.969905+00
17	auth	0012_alter_user_first_name_max_length	2023-04-13 12:00:40.12388+00
18	construction_object	0001_initial	2023-04-13 12:00:51.667474+00
19	construction_object	0002_remove_construction_title_ky_and_more	2023-04-13 12:00:52.998211+00
20	construction_object	0003_alter_construction_offer_alter_construction_offer_ky_and_more	2023-04-13 12:01:00.538642+00
21	construction_object	0004_remove_construction_offer_ky_and_more	2023-04-13 12:01:02.010659+00
22	django_summernote	0001_initial	2023-04-13 12:01:03.266276+00
23	django_summernote	0002_update-help_text	2023-04-13 12:01:04.292031+00
24	django_summernote	0003_alter_attachment_id	2023-04-13 12:01:06.313165+00
25	news_blog	0001_initial	2023-04-13 12:01:09.28037+00
26	sessions	0001_initial	2023-04-13 12:01:11.123649+00
27	team_member	0001_initial	2023-04-13 12:01:12.14772+00
28	construction_object	0005_construction_type_alter_flat_type_alter_flat_type_ky_and_more	2023-04-14 10:03:26.803268+00
29	construction_object	0006_alter_construction_type	2023-04-17 10:41:56.69113+00
30	construction_object	0007_alter_construction_construction_completion_quarter	2023-04-22 08:55:59.391489+00
31	construction_object	0002_remove_flat_rooms_ky_remove_flat_rooms_ru_and_more	2023-04-22 11:28:24.650614+00
32	construction_object	0003_remove_flat_type_ky_remove_flat_type_ru_and_more	2023-04-23 11:00:24.899033+00
33	configuration	0001_initial	2023-04-24 11:15:06.513243+00
34	document	0001_initial	2023-04-26 09:56:00.981603+00
35	document	0002_alter_document_options_alter_document_document	2023-04-26 12:26:19.778189+00
36	team_member	0002_member_quote_member_quote_ky_member_quote_ru_and_more	2023-04-26 12:26:23.351793+00
37	team_member	0003_alter_member_job_category	2023-04-26 15:38:17.071865+00
38	construction_object	0002_infrastructure	2023-04-28 15:41:04.828931+00
39	construction_object	0003_alter_flat_options_remove_flat_building_block_and_more	2023-04-29 09:04:22.354683+00
40	construction_object	0004_alter_block_options_alter_infrastructure_options_and_more	2023-04-29 11:37:44.12173+00
41	construction_object	0005_remove_construction_is_completed_and_more	2023-05-01 15:33:25.82966+00
42	news_blog	0002_alter_post_category	2023-05-01 15:33:27.055507+00
43	construction_object	0006_construction_is_completed_construction_is_selling	2023-05-01 15:45:11.67946+00
\.


--
-- Data for Name: django_session; Type: TABLE DATA; Schema: public; Owner: postgres
--

COPY public.django_session (session_key, session_data, expire_date) FROM stdin;
pg5f5eqj63lqtba140f8mhjgt3bcby0a	.eJxVjMEOwiAQRP-FsyG7gC149O43kIUFqRpISnsy_rtt0oMe5jLvzbyFp3Upfu1p9hOLi0Bx-u0CxWeqO-AH1XuTsdVlnoLcFXnQLm-N0-t6uH8HhXrZ1s7YFNQQkfUWx2dDER1GpzWAGtBYzBgwp1HnZIDBhhGi0oBMmRWJzxfUrTev:1pmzMm:UZwt3-oPvi3Bewc8PR6NVWBu7HG2xTw6Y3PrZqhGCpQ	2023-04-27 16:00:08.902605+00
tupchddxdv9kvkicyzdw4sa3o0zoj5lo	.eJxVjMEOwiAQRP-FsyG7gC149O43kIUFqRpISnsy_rtt0oMe5jLvzbyFp3Upfu1p9hOLi0Bx-u0CxWeqO-AH1XuTsdVlnoLcFXnQLm-N0-t6uH8HhXrZ1s7YFNQQkfUWx2dDER1GpzWAGtBYzBgwp1HnZIDBhhGi0oBMmRWJzxfUrTev:1pnE09:UYSmmeQUNGhxzL63S9ft4cYNADPnGk5JaxTYgofRtXo	2023-04-28 07:37:45.348413+00
fm11a3eukza3nneskymzv5t0t3g0f5cj	.eJxVjMEOwiAQRP-FsyG7gC149O43kIUFqRpISnsy_rtt0oMe5jLvzbyFp3Upfu1p9hOLi0Bx-u0CxWeqO-AH1XuTsdVlnoLcFXnQLm-N0-t6uH8HhXrZ1s7YFNQQkfUWx2dDER1GpzWAGtBYzBgwp1HnZIDBhhGi0oBMmRWJzxfUrTev:1pnGOc:zRVmk7a9QbyN8XVjgH8acfAf23wAOfU7z1LK011lg3M	2023-04-28 10:11:10.651556+00
7a3hqx9lxzr7izrpjcrwcqczvm5dpdqs	.eJxVjEEOwiAQRe_C2pBhoIW6dO8ZyMCAVA0kpV0Z765NutDtf-_9l_C0rcVvPS1-ZnEWSpx-t0DxkeoO-E711mRsdV3mIHdFHrTLa-P0vBzu30GhXr41Ko46WZwyaJ0zOBw4o0VHYPOoAUPIkQiSQzbKhhEUOe3MZJUJNKB4fwDZVjdc:1pq91N:EFiyAjDPHh_XayV_GB0XTzl-6fZtZEWkfkF7dX4js4k	2023-05-06 08:55:05.342616+00
xyeuukjmecjappsr35reiiz7lgpajq7y	.eJxVjEEOwiAQRe_C2pBhoIW6dO8ZyMCAVA0kpV0Z765NutDtf-_9l_C0rcVvPS1-ZnEWSpx-t0DxkeoO-E711mRsdV3mIHdFHrTLa-P0vBzu30GhXr41Ko46WZwyaJ0zOBw4o0VHYPOoAUPIkQiSQzbKhhEUOe3MZJUJNKB4fwDZVjdc:1pqXU0:BmyBjR7yh44fI423Ay18sMqD6sChXtXrndQbjxLHq8o	2023-05-07 11:02:16.240693+00
4h89kifnujvfp00al2dz4irwpp7gjw1g	.eJxVjEEOwiAQRe_C2pBhoIW6dO8ZyMCAVA0kpV0Z765NutDtf-_9l_C0rcVvPS1-ZnEWSpx-t0DxkeoO-E711mRsdV3mIHdFHrTLa-P0vBzu30GhXr41Ko46WZwyaJ0zOBw4o0VHYPOoAUPIkQiSQzbKhhEUOe3MZJUJNKB4fwDZVjdc:1prbty:OidBIEqPJY643HZgBk5OQKXZEj52ldBo_uo6rM8pOe8	2023-05-10 09:57:30.099031+00
dw57xzic0uls2l569fz13d761yiltm4m	.eJxVjMEOwiAQRP-FsyG7gC149O43kIUFqRpISnsy_rtt0oMe5jLvzbyFp3Upfu1p9hOLi0Bx-u0CxWeqO-AH1XuTsdVlnoLcFXnQLm-N0-t6uH8HhXrZ1s7YFNQQkfUWx2dDER1GpzWAGtBYzBgwp1HnZIDBhhGi0oBMmRWJzxfUrTev:1psJBZ:EUqxdX7HRT4bZUwD7pYTNTJ7HaYz4wpWeBJePcDtlBQ	2023-05-12 08:10:33.568057+00
afwz84iaihhb3axl0sslea7b2ywhmbbk	.eJxVjMEOwiAQRP-FsyG7gC149O43kIUFqRpISnsy_rtt0oMe5jLvzbyFp3Upfu1p9hOLi0Bx-u0CxWeqO-AH1XuTsdVlnoLcFXnQLm-N0-t6uH8HhXrZ1s7YFNQQkfUWx2dDER1GpzWAGtBYzBgwp1HnZIDBhhGi0oBMmRWJzxfUrTev:1psPP7:RQkv1mEGamUMTeN3P2MIzg9p7k2G_BcRCB0DsRAIWLM	2023-05-12 14:48:57.064233+00
\.


--
-- Data for Name: django_summernote_attachment; Type: TABLE DATA; Schema: public; Owner: postgres
--

COPY public.django_summernote_attachment (id, name, file, uploaded) FROM stdin;
1	director-square.png	media/django-summernote/2023-04-24/b777319f-4009-45ce-b417-d2f2b03ec97a_zwr1qi	2023-04-24 04:27:54.928904+00
\.


--
-- Data for Name: document_document; Type: TABLE DATA; Schema: public; Owner: postgres
--

COPY public.document_document (id, name, document) FROM stdin;
4	test 1	media/documents/DuEt_01.04.23-15.04.23_-_Sheet1_yuebty
\.


--
-- Data for Name: news_blog_post; Type: TABLE DATA; Schema: public; Owner: postgres
--

COPY public.news_blog_post (id, category, title, title_ru, title_ky, content, content_ru, content_ky, image, created_date, construction_id) FROM stdin;
2	Новости компании	Требуется инженер ПТО	Требуется инженер ПТО	Требуется инженер ПТО	<p><span style="color: rgb(32, 33, 36); font-family: docs-Roboto; font-size: 14.6667px;">В связи с запуском новых строительных объектов, компания объявляет о наборе 2-х Инженеров ПТО.</span><br style="color: rgb(32, 33, 36); font-family: docs-Roboto; font-size: 14.6667px;"><br style="color: rgb(32, 33, 36); font-family: docs-Roboto; font-size: 14.6667px;"><span style="color: rgb(32, 33, 36); font-family: docs-Roboto; font-size: 14.6667px;">ЗП по результатам собеседования.</span><br style="color: rgb(32, 33, 36); font-family: docs-Roboto; font-size: 14.6667px;"><br style="color: rgb(32, 33, 36); font-family: docs-Roboto; font-size: 14.6667px;"><span style="color: rgb(32, 33, 36); font-family: docs-Roboto; font-size: 14.6667px;">Требование к вакантной должности:</span><br style="color: rgb(32, 33, 36); font-family: docs-Roboto; font-size: 14.6667px;"><span style="color: rgb(32, 33, 36); font-family: docs-Roboto; font-size: 14.6667px;">- высшее неоконченное или средне профессиональное техническое образование.</span><br style="color: rgb(32, 33, 36); font-family: docs-Roboto; font-size: 14.6667px;"><br style="color: rgb(32, 33, 36); font-family: docs-Roboto; font-size: 14.6667px;"><span style="color: rgb(32, 33, 36); font-family: docs-Roboto; font-size: 14.6667px;">Опыт работы на аналогичной должности:</span><br style="color: rgb(32, 33, 36); font-family: docs-Roboto; font-size: 14.6667px;"><span style="color: rgb(32, 33, 36); font-family: docs-Roboto; font-size: 14.6667px;">- не менее 2- лет</span><br style="color: rgb(32, 33, 36); font-family: docs-Roboto; font-size: 14.6667px;"><br style="color: rgb(32, 33, 36); font-family: docs-Roboto; font-size: 14.6667px;"><span style="color: rgb(32, 33, 36); font-family: docs-Roboto; font-size: 14.6667px;">Наличие специальных знаний и навыков:</span><br style="color: rgb(32, 33, 36); font-family: docs-Roboto; font-size: 14.6667px;"><span style="color: rgb(32, 33, 36); font-family: docs-Roboto; font-size: 14.6667px;">- знание законодательных и нормативно-правовых актов, регулирующие деятельность строительных организаций;</span><br style="color: rgb(32, 33, 36); font-family: docs-Roboto; font-size: 14.6667px;"><span style="color: rgb(32, 33, 36); font-family: docs-Roboto; font-size: 14.6667px;">- знание профиля, специализации, перспектив технического и экономического развития Компании;</span><br style="color: rgb(32, 33, 36); font-family: docs-Roboto; font-size: 14.6667px;"><span style="color: rgb(32, 33, 36); font-family: docs-Roboto; font-size: 14.6667px;">- определение производственных мощностей Компании;</span><br style="color: rgb(32, 33, 36); font-family: docs-Roboto; font-size: 14.6667px;"><span style="color: rgb(32, 33, 36); font-family: docs-Roboto; font-size: 14.6667px;">- навыки разработки и утверждения планов строительства;</span><br style="color: rgb(32, 33, 36); font-family: docs-Roboto; font-size: 14.6667px;"><span style="color: rgb(32, 33, 36); font-family: docs-Roboto; font-size: 14.6667px;">- знание технологии и способов ведения строительных работ;</span><br style="color: rgb(32, 33, 36); font-family: docs-Roboto; font-size: 14.6667px;"><span style="color: rgb(32, 33, 36); font-family: docs-Roboto; font-size: 14.6667px;">- знание строительных норм и правил;</span><br style="color: rgb(32, 33, 36); font-family: docs-Roboto; font-size: 14.6667px;"><span style="color: rgb(32, 33, 36); font-family: docs-Roboto; font-size: 14.6667px;">- навыки разработки и оформления проектно-сметной и другой технической документации, ведения учета и составления отчетов о деятельности Компании в области строительства;</span><br style="color: rgb(32, 33, 36); font-family: docs-Roboto; font-size: 14.6667px;"><span style="color: rgb(32, 33, 36); font-family: docs-Roboto; font-size: 14.6667px;">-знание порядка приемки работ, объектов и методов контроля их качества;</span><br style="color: rgb(32, 33, 36); font-family: docs-Roboto; font-size: 14.6667px;"><span style="color: rgb(32, 33, 36); font-family: docs-Roboto; font-size: 14.6667px;">-знание правил и норм охраны труда.</span><br style="color: rgb(32, 33, 36); font-family: docs-Roboto; font-size: 14.6667px;"><span style="color: rgb(32, 33, 36); font-family: docs-Roboto; font-size: 14.6667px;">- стрессоустойчивость;</span><br style="color: rgb(32, 33, 36); font-family: docs-Roboto; font-size: 14.6667px;"><span style="color: rgb(32, 33, 36); font-family: docs-Roboto; font-size: 14.6667px;">- знание порядка взаимодействия с гражданами, юридическими лицами по вопросам деятельности Компании;</span><br style="color: rgb(32, 33, 36); font-family: docs-Roboto; font-size: 14.6667px;"><span style="color: rgb(32, 33, 36); font-family: docs-Roboto; font-size: 14.6667px;">- знание состава информации, являющейся государственной, служебной и коммерческой тайной, порядок ее защиты и использования;</span><br style="color: rgb(32, 33, 36); font-family: docs-Roboto; font-size: 14.6667px;"><span style="color: rgb(32, 33, 36); font-family: docs-Roboto; font-size: 14.6667px;">- знание русского и кыргызского языков на уровне делового общения и переписки;</span><br></p>	<p><span style="color: rgb(32, 33, 36); font-family: docs-Roboto; font-size: 14.6667px;">В связи с запуском новых строительных объектов, компания объявляет о наборе 2-х Инженеров ПТО.</span><br style="color: rgb(32, 33, 36); font-family: docs-Roboto; font-size: 14.6667px;"><br style="color: rgb(32, 33, 36); font-family: docs-Roboto; font-size: 14.6667px;"><span style="color: rgb(32, 33, 36); font-family: docs-Roboto; font-size: 14.6667px;">ЗП по результатам собеседования.</span><br style="color: rgb(32, 33, 36); font-family: docs-Roboto; font-size: 14.6667px;"><br style="color: rgb(32, 33, 36); font-family: docs-Roboto; font-size: 14.6667px;"><span style="color: rgb(32, 33, 36); font-family: docs-Roboto; font-size: 14.6667px;">Требование к вакантной должности:</span><br style="color: rgb(32, 33, 36); font-family: docs-Roboto; font-size: 14.6667px;"><span style="color: rgb(32, 33, 36); font-family: docs-Roboto; font-size: 14.6667px;">- высшее неоконченное или средне профессиональное техническое образование.</span><br style="color: rgb(32, 33, 36); font-family: docs-Roboto; font-size: 14.6667px;"><br style="color: rgb(32, 33, 36); font-family: docs-Roboto; font-size: 14.6667px;"><span style="color: rgb(32, 33, 36); font-family: docs-Roboto; font-size: 14.6667px;">Опыт работы на аналогичной должности:</span><br style="color: rgb(32, 33, 36); font-family: docs-Roboto; font-size: 14.6667px;"><span style="color: rgb(32, 33, 36); font-family: docs-Roboto; font-size: 14.6667px;">- не менее 2- лет</span><br style="color: rgb(32, 33, 36); font-family: docs-Roboto; font-size: 14.6667px;"><br style="color: rgb(32, 33, 36); font-family: docs-Roboto; font-size: 14.6667px;"><span style="color: rgb(32, 33, 36); font-family: docs-Roboto; font-size: 14.6667px;">Наличие специальных знаний и навыков:</span><br style="color: rgb(32, 33, 36); font-family: docs-Roboto; font-size: 14.6667px;"><span style="color: rgb(32, 33, 36); font-family: docs-Roboto; font-size: 14.6667px;">- знание законодательных и нормативно-правовых актов, регулирующие деятельность строительных организаций;</span><br style="color: rgb(32, 33, 36); font-family: docs-Roboto; font-size: 14.6667px;"><span style="color: rgb(32, 33, 36); font-family: docs-Roboto; font-size: 14.6667px;">- знание профиля, специализации, перспектив технического и экономического развития Компании;</span><br style="color: rgb(32, 33, 36); font-family: docs-Roboto; font-size: 14.6667px;"><span style="color: rgb(32, 33, 36); font-family: docs-Roboto; font-size: 14.6667px;">- определение производственных мощностей Компании;</span><br style="color: rgb(32, 33, 36); font-family: docs-Roboto; font-size: 14.6667px;"><span style="color: rgb(32, 33, 36); font-family: docs-Roboto; font-size: 14.6667px;">- навыки разработки и утверждения планов строительства;</span><br style="color: rgb(32, 33, 36); font-family: docs-Roboto; font-size: 14.6667px;"><span style="color: rgb(32, 33, 36); font-family: docs-Roboto; font-size: 14.6667px;">- знание технологии и способов ведения строительных работ;</span><br style="color: rgb(32, 33, 36); font-family: docs-Roboto; font-size: 14.6667px;"><span style="color: rgb(32, 33, 36); font-family: docs-Roboto; font-size: 14.6667px;">- знание строительных норм и правил;</span><br style="color: rgb(32, 33, 36); font-family: docs-Roboto; font-size: 14.6667px;"><span style="color: rgb(32, 33, 36); font-family: docs-Roboto; font-size: 14.6667px;">- навыки разработки и оформления проектно-сметной и другой технической документации, ведения учета и составления отчетов о деятельности Компании в области строительства;</span><br style="color: rgb(32, 33, 36); font-family: docs-Roboto; font-size: 14.6667px;"><span style="color: rgb(32, 33, 36); font-family: docs-Roboto; font-size: 14.6667px;">-знание порядка приемки работ, объектов и методов контроля их качества;</span><br style="color: rgb(32, 33, 36); font-family: docs-Roboto; font-size: 14.6667px;"><span style="color: rgb(32, 33, 36); font-family: docs-Roboto; font-size: 14.6667px;">-знание правил и норм охраны труда.</span><br style="color: rgb(32, 33, 36); font-family: docs-Roboto; font-size: 14.6667px;"><span style="color: rgb(32, 33, 36); font-family: docs-Roboto; font-size: 14.6667px;">- стрессоустойчивость;</span><br style="color: rgb(32, 33, 36); font-family: docs-Roboto; font-size: 14.6667px;"><span style="color: rgb(32, 33, 36); font-family: docs-Roboto; font-size: 14.6667px;">- знание порядка взаимодействия с гражданами, юридическими лицами по вопросам деятельности Компании;</span><br style="color: rgb(32, 33, 36); font-family: docs-Roboto; font-size: 14.6667px;"><span style="color: rgb(32, 33, 36); font-family: docs-Roboto; font-size: 14.6667px;">- знание состава информации, являющейся государственной, служебной и коммерческой тайной, порядок ее защиты и использования;</span><br style="color: rgb(32, 33, 36); font-family: docs-Roboto; font-size: 14.6667px;"><span style="color: rgb(32, 33, 36); font-family: docs-Roboto; font-size: 14.6667px;">- знание русского и кыргызского языков на уровне делового общения и переписки;</span><br></p>	\N	media/post_images/51ecffd41f531477b9ce567377_c5wt47	2023-04-29	\N
1	Новости компании	Требуется ПТО	Требуется ПТО	Требуется ПТО	<h1 class="">Название ru</h1><h2 style="font-family: &quot;Helvetica Neue&quot;, Helvetica, Arial, sans-serif; color: rgb(51, 51, 51);" class="">Название ru</h2><h3 style="font-family: &quot;Helvetica Neue&quot;, Helvetica, Arial, sans-serif; color: rgb(51, 51, 51);" class="">Название ru</h3><p>asdfasd</p><p><span style="font-weight: 700;"><br class="Apple-interchange-newline">asdfasdfasdfasdf</span></p><p><span style="font-weight: 700;">asdfasdfasdf</span></p><blockquote class=""><span style="font-weight: 700;"><i>asdfasdf<u>asdfasdfasdf<sup style="font-size: 13.125px;">asdfasdf</sup><sub style="font-size: 13.125px;">adsfasdf<strike>asdfasd</strike></sub></u></i></span></blockquote><p>&nbsp;aadsfasdfasdf</p><p>asdf</p><p>asdfasdf</p><p>asd</p><p>fasdf</p><p><br></p><p>a</p><p>sdf</p><p>asd</p><p>fa</p><p>sdf</p><p>as</p><p>df</p><p><br></p><p><br></p><p><br></p><p><br></p>	<h1 class="">Название ru</h1><h2 style="font-family: &quot;Helvetica Neue&quot;, Helvetica, Arial, sans-serif; color: rgb(51, 51, 51);" class="">Название ru</h2><h3 style="font-family: &quot;Helvetica Neue&quot;, Helvetica, Arial, sans-serif; color: rgb(51, 51, 51);" class="">Название ru</h3><p>asdfasd</p><p><span style="font-weight: 700;"><br class="Apple-interchange-newline">asdfasdfasdfasdf</span></p><p><span style="font-weight: 700;">asdfasdfasdf</span></p><blockquote class=""><span style="font-weight: 700;"><i>asdfasdf<u>asdfasdfasdf<sup style="font-size: 13.125px;">asdfasdf</sup><sub style="font-size: 13.125px;">adsfasdf<strike>asdfasd</strike></sub></u></i></span></blockquote><p>&nbsp;aadsfasdfasdf</p><p>asdf</p><p>asdfasdf</p><p>asd</p><p>fasdf</p><p><br></p><p>a</p><p>sdf</p><p>asd</p><p>fa</p><p>sdf</p><p>as</p><p>df</p><p><br></p><p><br></p><p><br></p><p><br></p>	<h1 class="">Кыргызча аты</h1><p>asdfasd</p><p><span style="font-weight: 700;"><br class="Apple-interchange-newline">asdfasdfasdfasdf</span></p><p><span style="font-weight: 700;">asdfasdfasdf</span></p><blockquote class=""><span style="font-weight: 700;"><i>asdfasdf<u>asdfasdfasdf<sup style="font-size: 13.125px;">asdfasdf</sup><sub style="font-size: 13.125px;">adsfasdf<strike>asdfasd</strike></sub></u></i></span></blockquote><p>&nbsp;aadsfasdfasdf</p><p>asdf</p><p>asdfasdf</p><p>asd</p><p>fasdf</p><p><br></p><p>a</p><p>sdf</p><p>asd</p><p>fa</p><p>sdf</p><p>as</p><p>df</p><p><br></p><p><br></p><p><br></p><p><br></p>	media/post_images/416206-500x334_xryh4c	2023-04-13	\N
\.


--
-- Data for Name: news_blog_postimage; Type: TABLE DATA; Schema: public; Owner: postgres
--

COPY public.news_blog_postimage (id, image, post_id) FROM stdin;
1	media/post_images/Снимок_экрана_2023-02-17_в_04.51.42_wu1ebq	1
\.


--
-- Data for Name: team_member_member; Type: TABLE DATA; Schema: public; Owner: postgres
--

COPY public.team_member_member (id, name, "position", position_ru, position_ky, job_category, bio, bio_ru, bio_ky, photo, quote, quote_ky, quote_ru, title, title_ky, title_ru) FROM stdin;
4	Канат	Фининасовый директор	Фининасовый директор	Каржы директору	менеджмент	<p>111213123123</p>	<p>111213123123</p>	<p>111213123123<br></p>	media/team/138A0099_wxsn6w	<p>вапвапвап</p>	<p>вапвапавп</p>	<p>вапвапвап</p>	<p>авпапвп</p>	<p>вапвап</p>	<p>авпапвп</p>
5	Марат	Коммерческий директор	Коммерческий директор	Коммерциялык директор	менеджмент	<p>1232435353223<br></p>	<p>1232435353223<br></p>	<p>1232435353223<br></p>	media/team/138A0166_xombqg	<p>1232435353223</p>	<p>1232435353223<br></p>	<p>1232435353223</p>	<p>апвпвапвап</p>	<p>вапвапвап</p>	<p>апвпвапвап</p>
6	Алина	Секретарь	Секретарь	Секретарь	менеджмент	<p>13243523435345</p>	<p>13243523435345</p>	<p>13243523435345<br></p>	media/team/138A0127_pfysrq	<p>цукцукцук</p>	<p>цукцукцук</p>	<p>цукцукцук</p>	<p>цукцук</p>	<p>цукцукцук</p>	<p>цукцук</p>
7	Асель	Юрист	Юрист	Юрист	менеджмент	<p>12324235435<br></p>	<p>12324235435<br></p>	<p>12324235435<br></p>	media/team/138A0139_ityq24	<p>12324235435</p>	<p>12324235435<br></p>	<p>12324235435</p>	<p>апвпвапвап</p>	<p>вапвапвап</p>	<p>апвпвапвап</p>
8	Данияр	Руководитель отдела продаж	Руководитель отдела продаж	Сатуу бөлүмүнүн башчысы	менеджмент	<p>3423535</p>	<p>3423535</p>	<p>23435435345</p>	media/team/138A0154_1_a9lbg6	<p>12435433454</p>	<p>2335455466</p>	<p>12435433454</p>	<p>вапвапвапвап</p>	<p>вапвапвапвап<br></p>	<p>вапвапвапвап</p>
1	Акматов Чолпонбек	Генеральный Директор	Генеральный Директор	Башкы директор	генеральный директор	<p></p><div class="flex lg:block gap-2" style="box-sizing: border-box; border-width: 0px; border-style: solid; border-color: rgb(229, 231, 235); --tw-border-spacing-x: 0; --tw-border-spacing-y: 0; --tw-translate-x: 0; --tw-translate-y: 0; --tw-rotate: 0; --tw-skew-x: 0; --tw-skew-y: 0; --tw-scale-x: 1; --tw-scale-y: 1; --tw-pan-x: ; --tw-pan-y: ; --tw-pinch-zoom: ; --tw-scroll-snap-strictness: proximity; --tw-ordinal: ; --tw-slashed-zero: ; --tw-numeric-figure: ; --tw-numeric-spacing: ; --tw-numeric-fraction: ; --tw-ring-inset: ; --tw-ring-offset-width: 0px; --tw-ring-offset-color: #fff; --tw-ring-color: rgb(59 130 246 / 0.5); --tw-ring-offset-shadow: 0 0 #0000; --tw-ring-shadow: 0 0 #0000; --tw-shadow: 0 0 #0000; --tw-shadow-colored: 0 0 #0000; --tw-blur: ; --tw-brightness: ; --tw-contrast: ; --tw-grayscale: ; --tw-hue-rotate: ; --tw-invert: ; --tw-saturate: ; --tw-sepia: ; --tw-drop-shadow: ; --tw-backdrop-blur: ; --tw-backdrop-brightness: ; --tw-backdrop-contrast: ; --tw-backdrop-grayscale: ; --tw-backdrop-hue-rotate: ; --tw-backdrop-invert: ; --tw-backdrop-opacity: ; --tw-backdrop-saturate: ; --tw-backdrop-sepia: ; display: block; gap: 0.5rem; color: rgb(0, 0, 0); font-family: ui-sans-serif, system-ui, -apple-system, &quot;system-ui&quot;, &quot;Segoe UI&quot;, Roboto, &quot;Helvetica Neue&quot;, Arial, &quot;Noto Sans&quot;, sans-serif, &quot;Apple Color Emoji&quot;, &quot;Segoe UI Emoji&quot;, &quot;Segoe UI Symbol&quot;, &quot;Noto Color Emoji&quot;; font-size: medium; font-style: normal; font-variant-ligatures: normal; font-variant-caps: normal; font-weight: 400; letter-spacing: normal; orphans: 2; text-align: start; text-indent: 0px; text-transform: none; white-space: normal; widows: 2; word-spacing: 0px; -webkit-text-stroke-width: 0px; text-decoration-thickness: initial; text-decoration-style: initial; text-decoration-color: initial;"><div class="flex flex-col-reverse lg:flex-row justify-between items-start lg:items-end" style="box-sizing: border-box; border-width: 0px; border-style: solid; border-color: rgb(229, 231, 235); --tw-border-spacing-x: 0; --tw-border-spacing-y: 0; --tw-translate-x: 0; --tw-translate-y: 0; --tw-rotate: 0; --tw-skew-x: 0; --tw-skew-y: 0; --tw-scale-x: 1; --tw-scale-y: 1; --tw-pan-x: ; --tw-pan-y: ; --tw-pinch-zoom: ; --tw-scroll-snap-strictness: proximity; --tw-ordinal: ; --tw-slashed-zero: ; --tw-numeric-figure: ; --tw-numeric-spacing: ; --tw-numeric-fraction: ; --tw-ring-inset: ; --tw-ring-offset-width: 0px; --tw-ring-offset-color: #fff; --tw-ring-color: rgb(59 130 246 / 0.5); --tw-ring-offset-shadow: 0 0 #0000; --tw-ring-shadow: 0 0 #0000; --tw-shadow: 0 0 #0000; --tw-shadow-colored: 0 0 #0000; --tw-blur: ; --tw-brightness: ; --tw-contrast: ; --tw-grayscale: ; --tw-hue-rotate: ; --tw-invert: ; --tw-saturate: ; --tw-sepia: ; --tw-drop-shadow: ; --tw-backdrop-blur: ; --tw-backdrop-brightness: ; --tw-backdrop-contrast: ; --tw-backdrop-grayscale: ; --tw-backdrop-hue-rotate: ; --tw-backdrop-invert: ; --tw-backdrop-opacity: ; --tw-backdrop-saturate: ; --tw-backdrop-sepia: ; display: flex; flex-direction: row; align-items: flex-end; justify-content: space-between;"><div style="box-sizing: border-box; border-width: 0px; border-style: solid; border-color: rgb(229, 231, 235); --tw-border-spacing-x: 0; --tw-border-spacing-y: 0; --tw-translate-x: 0; --tw-translate-y: 0; --tw-rotate: 0; --tw-skew-x: 0; --tw-skew-y: 0; --tw-scale-x: 1; --tw-scale-y: 1; --tw-pan-x: ; --tw-pan-y: ; --tw-pinch-zoom: ; --tw-scroll-snap-strictness: proximity; --tw-ordinal: ; --tw-slashed-zero: ; --tw-numeric-figure: ; --tw-numeric-spacing: ; --tw-numeric-fraction: ; --tw-ring-inset: ; --tw-ring-offset-width: 0px; --tw-ring-offset-color: #fff; --tw-ring-color: rgb(59 130 246 / 0.5); --tw-ring-offset-shadow: 0 0 #0000; --tw-ring-shadow: 0 0 #0000; --tw-shadow: 0 0 #0000; --tw-shadow-colored: 0 0 #0000; --tw-blur: ; --tw-brightness: ; --tw-contrast: ; --tw-grayscale: ; --tw-hue-rotate: ; --tw-invert: ; --tw-saturate: ; --tw-sepia: ; --tw-drop-shadow: ; --tw-backdrop-blur: ; --tw-backdrop-brightness: ; --tw-backdrop-contrast: ; --tw-backdrop-grayscale: ; --tw-backdrop-hue-rotate: ; --tw-backdrop-invert: ; --tw-backdrop-opacity: ; --tw-backdrop-saturate: ; --tw-backdrop-sepia: ;"></div></div></div><p></p><p class="text-gray-500 mb-6 text-sm md:text-base" style="box-sizing: border-box; border-width: 0px; border-style: solid; border-color: rgb(229, 231, 235); --tw-border-spacing-x: 0; --tw-border-spacing-y: 0; --tw-translate-x: 0; --tw-translate-y: 0; --tw-rotate: 0; --tw-skew-x: 0; --tw-skew-y: 0; --tw-scale-x: 1; --tw-scale-y: 1; --tw-pan-x: ; --tw-pan-y: ; --tw-pinch-zoom: ; --tw-scroll-snap-strictness: proximity; --tw-ordinal: ; --tw-slashed-zero: ; --tw-numeric-figure: ; --tw-numeric-spacing: ; --tw-numeric-fraction: ; --tw-ring-inset: ; --tw-ring-offset-width: 0px; --tw-ring-offset-color: #fff; --tw-ring-color: rgb(59 130 246 / 0.5); --tw-ring-offset-shadow: 0 0 #0000; --tw-ring-shadow: 0 0 #0000; --tw-shadow: 0 0 #0000; --tw-shadow-colored: 0 0 #0000; --tw-blur: ; --tw-brightness: ; --tw-contrast: ; --tw-grayscale: ; --tw-hue-rotate: ; --tw-invert: ; --tw-saturate: ; --tw-sepia: ; --tw-drop-shadow: ; --tw-backdrop-blur: ; --tw-backdrop-brightness: ; --tw-backdrop-contrast: ; --tw-backdrop-grayscale: ; --tw-backdrop-hue-rotate: ; --tw-backdrop-invert: ; --tw-backdrop-opacity: ; --tw-backdrop-saturate: ; --tw-backdrop-sepia: ; margin: 0px 0px 1.5rem; font-size: medium; line-height: 1.5rem; --tw-text-opacity: 1; color: rgb(107 114 128 / var(--tw-text-opacity)); font-family: ui-sans-serif, system-ui, -apple-system, &quot;system-ui&quot;, &quot;Segoe UI&quot;, Roboto, &quot;Helvetica Neue&quot;, Arial, &quot;Noto Sans&quot;, sans-serif, &quot;Apple Color Emoji&quot;, &quot;Segoe UI Emoji&quot;, &quot;Segoe UI Symbol&quot;, &quot;Noto Color Emoji&quot;; font-style: normal; font-variant-ligatures: normal; font-variant-caps: normal; font-weight: 400; letter-spacing: normal; orphans: 2; text-align: start; text-indent: 0px; text-transform: none; white-space: normal; widows: 2; word-spacing: 0px; -webkit-text-stroke-width: 0px; text-decoration-thickness: initial; text-decoration-style: initial; text-decoration-color: initial;">Мы создали принципиально новые решения, с чёткими критериями качества, гарантированным набором опций и сервисов, а главное — с высоким уровнем комфорта для человека.</p>	<p></p><div class="flex lg:block gap-2" style="box-sizing: border-box; border-width: 0px; border-style: solid; border-color: rgb(229, 231, 235); --tw-border-spacing-x: 0; --tw-border-spacing-y: 0; --tw-translate-x: 0; --tw-translate-y: 0; --tw-rotate: 0; --tw-skew-x: 0; --tw-skew-y: 0; --tw-scale-x: 1; --tw-scale-y: 1; --tw-pan-x: ; --tw-pan-y: ; --tw-pinch-zoom: ; --tw-scroll-snap-strictness: proximity; --tw-ordinal: ; --tw-slashed-zero: ; --tw-numeric-figure: ; --tw-numeric-spacing: ; --tw-numeric-fraction: ; --tw-ring-inset: ; --tw-ring-offset-width: 0px; --tw-ring-offset-color: #fff; --tw-ring-color: rgb(59 130 246 / 0.5); --tw-ring-offset-shadow: 0 0 #0000; --tw-ring-shadow: 0 0 #0000; --tw-shadow: 0 0 #0000; --tw-shadow-colored: 0 0 #0000; --tw-blur: ; --tw-brightness: ; --tw-contrast: ; --tw-grayscale: ; --tw-hue-rotate: ; --tw-invert: ; --tw-saturate: ; --tw-sepia: ; --tw-drop-shadow: ; --tw-backdrop-blur: ; --tw-backdrop-brightness: ; --tw-backdrop-contrast: ; --tw-backdrop-grayscale: ; --tw-backdrop-hue-rotate: ; --tw-backdrop-invert: ; --tw-backdrop-opacity: ; --tw-backdrop-saturate: ; --tw-backdrop-sepia: ; display: block; gap: 0.5rem; color: rgb(0, 0, 0); font-family: ui-sans-serif, system-ui, -apple-system, &quot;system-ui&quot;, &quot;Segoe UI&quot;, Roboto, &quot;Helvetica Neue&quot;, Arial, &quot;Noto Sans&quot;, sans-serif, &quot;Apple Color Emoji&quot;, &quot;Segoe UI Emoji&quot;, &quot;Segoe UI Symbol&quot;, &quot;Noto Color Emoji&quot;; font-size: medium; font-style: normal; font-variant-ligatures: normal; font-variant-caps: normal; font-weight: 400; letter-spacing: normal; orphans: 2; text-align: start; text-indent: 0px; text-transform: none; white-space: normal; widows: 2; word-spacing: 0px; -webkit-text-stroke-width: 0px; text-decoration-thickness: initial; text-decoration-style: initial; text-decoration-color: initial;"><div class="flex flex-col-reverse lg:flex-row justify-between items-start lg:items-end" style="box-sizing: border-box; border-width: 0px; border-style: solid; border-color: rgb(229, 231, 235); --tw-border-spacing-x: 0; --tw-border-spacing-y: 0; --tw-translate-x: 0; --tw-translate-y: 0; --tw-rotate: 0; --tw-skew-x: 0; --tw-skew-y: 0; --tw-scale-x: 1; --tw-scale-y: 1; --tw-pan-x: ; --tw-pan-y: ; --tw-pinch-zoom: ; --tw-scroll-snap-strictness: proximity; --tw-ordinal: ; --tw-slashed-zero: ; --tw-numeric-figure: ; --tw-numeric-spacing: ; --tw-numeric-fraction: ; --tw-ring-inset: ; --tw-ring-offset-width: 0px; --tw-ring-offset-color: #fff; --tw-ring-color: rgb(59 130 246 / 0.5); --tw-ring-offset-shadow: 0 0 #0000; --tw-ring-shadow: 0 0 #0000; --tw-shadow: 0 0 #0000; --tw-shadow-colored: 0 0 #0000; --tw-blur: ; --tw-brightness: ; --tw-contrast: ; --tw-grayscale: ; --tw-hue-rotate: ; --tw-invert: ; --tw-saturate: ; --tw-sepia: ; --tw-drop-shadow: ; --tw-backdrop-blur: ; --tw-backdrop-brightness: ; --tw-backdrop-contrast: ; --tw-backdrop-grayscale: ; --tw-backdrop-hue-rotate: ; --tw-backdrop-invert: ; --tw-backdrop-opacity: ; --tw-backdrop-saturate: ; --tw-backdrop-sepia: ; display: flex; flex-direction: row; align-items: flex-end; justify-content: space-between;"><div style="box-sizing: border-box; border-width: 0px; border-style: solid; border-color: rgb(229, 231, 235); --tw-border-spacing-x: 0; --tw-border-spacing-y: 0; --tw-translate-x: 0; --tw-translate-y: 0; --tw-rotate: 0; --tw-skew-x: 0; --tw-skew-y: 0; --tw-scale-x: 1; --tw-scale-y: 1; --tw-pan-x: ; --tw-pan-y: ; --tw-pinch-zoom: ; --tw-scroll-snap-strictness: proximity; --tw-ordinal: ; --tw-slashed-zero: ; --tw-numeric-figure: ; --tw-numeric-spacing: ; --tw-numeric-fraction: ; --tw-ring-inset: ; --tw-ring-offset-width: 0px; --tw-ring-offset-color: #fff; --tw-ring-color: rgb(59 130 246 / 0.5); --tw-ring-offset-shadow: 0 0 #0000; --tw-ring-shadow: 0 0 #0000; --tw-shadow: 0 0 #0000; --tw-shadow-colored: 0 0 #0000; --tw-blur: ; --tw-brightness: ; --tw-contrast: ; --tw-grayscale: ; --tw-hue-rotate: ; --tw-invert: ; --tw-saturate: ; --tw-sepia: ; --tw-drop-shadow: ; --tw-backdrop-blur: ; --tw-backdrop-brightness: ; --tw-backdrop-contrast: ; --tw-backdrop-grayscale: ; --tw-backdrop-hue-rotate: ; --tw-backdrop-invert: ; --tw-backdrop-opacity: ; --tw-backdrop-saturate: ; --tw-backdrop-sepia: ;"></div></div></div><p></p><p class="text-gray-500 mb-6 text-sm md:text-base" style="box-sizing: border-box; border-width: 0px; border-style: solid; border-color: rgb(229, 231, 235); --tw-border-spacing-x: 0; --tw-border-spacing-y: 0; --tw-translate-x: 0; --tw-translate-y: 0; --tw-rotate: 0; --tw-skew-x: 0; --tw-skew-y: 0; --tw-scale-x: 1; --tw-scale-y: 1; --tw-pan-x: ; --tw-pan-y: ; --tw-pinch-zoom: ; --tw-scroll-snap-strictness: proximity; --tw-ordinal: ; --tw-slashed-zero: ; --tw-numeric-figure: ; --tw-numeric-spacing: ; --tw-numeric-fraction: ; --tw-ring-inset: ; --tw-ring-offset-width: 0px; --tw-ring-offset-color: #fff; --tw-ring-color: rgb(59 130 246 / 0.5); --tw-ring-offset-shadow: 0 0 #0000; --tw-ring-shadow: 0 0 #0000; --tw-shadow: 0 0 #0000; --tw-shadow-colored: 0 0 #0000; --tw-blur: ; --tw-brightness: ; --tw-contrast: ; --tw-grayscale: ; --tw-hue-rotate: ; --tw-invert: ; --tw-saturate: ; --tw-sepia: ; --tw-drop-shadow: ; --tw-backdrop-blur: ; --tw-backdrop-brightness: ; --tw-backdrop-contrast: ; --tw-backdrop-grayscale: ; --tw-backdrop-hue-rotate: ; --tw-backdrop-invert: ; --tw-backdrop-opacity: ; --tw-backdrop-saturate: ; --tw-backdrop-sepia: ; margin: 0px 0px 1.5rem; font-size: medium; line-height: 1.5rem; --tw-text-opacity: 1; color: rgb(107 114 128 / var(--tw-text-opacity)); font-family: ui-sans-serif, system-ui, -apple-system, &quot;system-ui&quot;, &quot;Segoe UI&quot;, Roboto, &quot;Helvetica Neue&quot;, Arial, &quot;Noto Sans&quot;, sans-serif, &quot;Apple Color Emoji&quot;, &quot;Segoe UI Emoji&quot;, &quot;Segoe UI Symbol&quot;, &quot;Noto Color Emoji&quot;; font-style: normal; font-variant-ligatures: normal; font-variant-caps: normal; font-weight: 400; letter-spacing: normal; orphans: 2; text-align: start; text-indent: 0px; text-transform: none; white-space: normal; widows: 2; word-spacing: 0px; -webkit-text-stroke-width: 0px; text-decoration-thickness: initial; text-decoration-style: initial; text-decoration-color: initial;">Мы создали принципиально новые решения, с чёткими критериями качества, гарантированным набором опций и сервисов, а главное — с высоким уровнем комфорта для человека.</p>	<p></p><div class="flex lg:block gap-2" style="box-sizing: border-box; border-width: 0px; border-style: solid; border-color: rgb(229, 231, 235); --tw-border-spacing-x: 0; --tw-border-spacing-y: 0; --tw-translate-x: 0; --tw-translate-y: 0; --tw-rotate: 0; --tw-skew-x: 0; --tw-skew-y: 0; --tw-scale-x: 1; --tw-scale-y: 1; --tw-pan-x: ; --tw-pan-y: ; --tw-pinch-zoom: ; --tw-scroll-snap-strictness: proximity; --tw-ordinal: ; --tw-slashed-zero: ; --tw-numeric-figure: ; --tw-numeric-spacing: ; --tw-numeric-fraction: ; --tw-ring-inset: ; --tw-ring-offset-width: 0px; --tw-ring-offset-color: #fff; --tw-ring-color: rgb(59 130 246 / 0.5); --tw-ring-offset-shadow: 0 0 #0000; --tw-ring-shadow: 0 0 #0000; --tw-shadow: 0 0 #0000; --tw-shadow-colored: 0 0 #0000; --tw-blur: ; --tw-brightness: ; --tw-contrast: ; --tw-grayscale: ; --tw-hue-rotate: ; --tw-invert: ; --tw-saturate: ; --tw-sepia: ; --tw-drop-shadow: ; --tw-backdrop-blur: ; --tw-backdrop-brightness: ; --tw-backdrop-contrast: ; --tw-backdrop-grayscale: ; --tw-backdrop-hue-rotate: ; --tw-backdrop-invert: ; --tw-backdrop-opacity: ; --tw-backdrop-saturate: ; --tw-backdrop-sepia: ; display: block; gap: 0.5rem; color: rgb(0, 0, 0); font-family: ui-sans-serif, system-ui, -apple-system, &quot;system-ui&quot;, &quot;Segoe UI&quot;, Roboto, &quot;Helvetica Neue&quot;, Arial, &quot;Noto Sans&quot;, sans-serif, &quot;Apple Color Emoji&quot;, &quot;Segoe UI Emoji&quot;, &quot;Segoe UI Symbol&quot;, &quot;Noto Color Emoji&quot;; font-size: medium; font-style: normal; font-variant-ligatures: normal; font-variant-caps: normal; font-weight: 400; letter-spacing: normal; orphans: 2; text-align: start; text-indent: 0px; text-transform: none; white-space: normal; widows: 2; word-spacing: 0px; -webkit-text-stroke-width: 0px; text-decoration-thickness: initial; text-decoration-style: initial; text-decoration-color: initial;"><div class="flex flex-col-reverse lg:flex-row justify-between items-start lg:items-end" style="box-sizing: border-box; border-width: 0px; border-style: solid; border-color: rgb(229, 231, 235); --tw-border-spacing-x: 0; --tw-border-spacing-y: 0; --tw-translate-x: 0; --tw-translate-y: 0; --tw-rotate: 0; --tw-skew-x: 0; --tw-skew-y: 0; --tw-scale-x: 1; --tw-scale-y: 1; --tw-pan-x: ; --tw-pan-y: ; --tw-pinch-zoom: ; --tw-scroll-snap-strictness: proximity; --tw-ordinal: ; --tw-slashed-zero: ; --tw-numeric-figure: ; --tw-numeric-spacing: ; --tw-numeric-fraction: ; --tw-ring-inset: ; --tw-ring-offset-width: 0px; --tw-ring-offset-color: #fff; --tw-ring-color: rgb(59 130 246 / 0.5); --tw-ring-offset-shadow: 0 0 #0000; --tw-ring-shadow: 0 0 #0000; --tw-shadow: 0 0 #0000; --tw-shadow-colored: 0 0 #0000; --tw-blur: ; --tw-brightness: ; --tw-contrast: ; --tw-grayscale: ; --tw-hue-rotate: ; --tw-invert: ; --tw-saturate: ; --tw-sepia: ; --tw-drop-shadow: ; --tw-backdrop-blur: ; --tw-backdrop-brightness: ; --tw-backdrop-contrast: ; --tw-backdrop-grayscale: ; --tw-backdrop-hue-rotate: ; --tw-backdrop-invert: ; --tw-backdrop-opacity: ; --tw-backdrop-saturate: ; --tw-backdrop-sepia: ; display: flex; flex-direction: row; align-items: flex-end; justify-content: space-between;"><div style="box-sizing: border-box; border-width: 0px; border-style: solid; border-color: rgb(229, 231, 235); --tw-border-spacing-x: 0; --tw-border-spacing-y: 0; --tw-translate-x: 0; --tw-translate-y: 0; --tw-rotate: 0; --tw-skew-x: 0; --tw-skew-y: 0; --tw-scale-x: 1; --tw-scale-y: 1; --tw-pan-x: ; --tw-pan-y: ; --tw-pinch-zoom: ; --tw-scroll-snap-strictness: proximity; --tw-ordinal: ; --tw-slashed-zero: ; --tw-numeric-figure: ; --tw-numeric-spacing: ; --tw-numeric-fraction: ; --tw-ring-inset: ; --tw-ring-offset-width: 0px; --tw-ring-offset-color: #fff; --tw-ring-color: rgb(59 130 246 / 0.5); --tw-ring-offset-shadow: 0 0 #0000; --tw-ring-shadow: 0 0 #0000; --tw-shadow: 0 0 #0000; --tw-shadow-colored: 0 0 #0000; --tw-blur: ; --tw-brightness: ; --tw-contrast: ; --tw-grayscale: ; --tw-hue-rotate: ; --tw-invert: ; --tw-saturate: ; --tw-sepia: ; --tw-drop-shadow: ; --tw-backdrop-blur: ; --tw-backdrop-brightness: ; --tw-backdrop-contrast: ; --tw-backdrop-grayscale: ; --tw-backdrop-hue-rotate: ; --tw-backdrop-invert: ; --tw-backdrop-opacity: ; --tw-backdrop-saturate: ; --tw-backdrop-sepia: ;"></div></div></div><p></p><p class="text-gray-500 mb-6 text-sm md:text-base" style="box-sizing: border-box; border-width: 0px; border-style: solid; border-color: rgb(229, 231, 235); --tw-border-spacing-x: 0; --tw-border-spacing-y: 0; --tw-translate-x: 0; --tw-translate-y: 0; --tw-rotate: 0; --tw-skew-x: 0; --tw-skew-y: 0; --tw-scale-x: 1; --tw-scale-y: 1; --tw-pan-x: ; --tw-pan-y: ; --tw-pinch-zoom: ; --tw-scroll-snap-strictness: proximity; --tw-ordinal: ; --tw-slashed-zero: ; --tw-numeric-figure: ; --tw-numeric-spacing: ; --tw-numeric-fraction: ; --tw-ring-inset: ; --tw-ring-offset-width: 0px; --tw-ring-offset-color: #fff; --tw-ring-color: rgb(59 130 246 / 0.5); --tw-ring-offset-shadow: 0 0 #0000; --tw-ring-shadow: 0 0 #0000; --tw-shadow: 0 0 #0000; --tw-shadow-colored: 0 0 #0000; --tw-blur: ; --tw-brightness: ; --tw-contrast: ; --tw-grayscale: ; --tw-hue-rotate: ; --tw-invert: ; --tw-saturate: ; --tw-sepia: ; --tw-drop-shadow: ; --tw-backdrop-blur: ; --tw-backdrop-brightness: ; --tw-backdrop-contrast: ; --tw-backdrop-grayscale: ; --tw-backdrop-hue-rotate: ; --tw-backdrop-invert: ; --tw-backdrop-opacity: ; --tw-backdrop-saturate: ; --tw-backdrop-sepia: ; margin: 0px 0px 1.5rem; font-size: medium; line-height: 1.5rem; --tw-text-opacity: 1; color: rgb(107 114 128 / var(--tw-text-opacity)); font-family: ui-sans-serif, system-ui, -apple-system, &quot;system-ui&quot;, &quot;Segoe UI&quot;, Roboto, &quot;Helvetica Neue&quot;, Arial, &quot;Noto Sans&quot;, sans-serif, &quot;Apple Color Emoji&quot;, &quot;Segoe UI Emoji&quot;, &quot;Segoe UI Symbol&quot;, &quot;Noto Color Emoji&quot;; font-style: normal; font-variant-ligatures: normal; font-variant-caps: normal; font-weight: 400; letter-spacing: normal; orphans: 2; text-align: start; text-indent: 0px; text-transform: none; white-space: normal; widows: 2; word-spacing: 0px; -webkit-text-stroke-width: 0px; text-decoration-thickness: initial; text-decoration-style: initial; text-decoration-color: initial;">Мы создали принципиально новые решения, с чёткими критериями качества, гарантированным набором опций и сервисов, а главное — с высоким уровнем комфорта для человека.</p>	media/team/138A00901_aibvxm	<p><span style="color: rgb(107, 114, 128); font-family: ui-sans-serif, system-ui, -apple-system, &quot;system-ui&quot;, &quot;Segoe UI&quot;, Roboto, &quot;Helvetica Neue&quot;, Arial, &quot;Noto Sans&quot;, sans-serif, &quot;Apple Color Emoji&quot;, &quot;Segoe UI Emoji&quot;, &quot;Segoe UI Symbol&quot;, &quot;Noto Color Emoji&quot;; font-size: 16px;">Мы создали принципиально новые решения, с чёткими критериями качества, гарантированным набором опций и сервисов, а главное — с высоким уровнем комфорта для человека.</span><br></p>	<p><span style="color: rgb(107, 114, 128); font-family: ui-sans-serif, system-ui, -apple-system, &quot;system-ui&quot;, &quot;Segoe UI&quot;, Roboto, &quot;Helvetica Neue&quot;, Arial, &quot;Noto Sans&quot;, sans-serif, &quot;Apple Color Emoji&quot;, &quot;Segoe UI Emoji&quot;, &quot;Segoe UI Symbol&quot;, &quot;Noto Color Emoji&quot;; font-size: 16px;">Мы создали принципиально новые решения, с чёткими критериями качества, гарантированным набором опций и сервисов, а главное — с высоким уровнем комфорта для человека.</span><br></p>	<p><span style="color: rgb(107, 114, 128); font-family: ui-sans-serif, system-ui, -apple-system, &quot;system-ui&quot;, &quot;Segoe UI&quot;, Roboto, &quot;Helvetica Neue&quot;, Arial, &quot;Noto Sans&quot;, sans-serif, &quot;Apple Color Emoji&quot;, &quot;Segoe UI Emoji&quot;, &quot;Segoe UI Symbol&quot;, &quot;Noto Color Emoji&quot;; font-size: 16px;">Мы создали принципиально новые решения, с чёткими критериями качества, гарантированным набором опций и сервисов, а главное — с высоким уровнем комфорта для человека.</span><br></p>	<h2 class="text-2xl md:text-5xl mb-6" style="border-width: 0px; border-style: solid; border-color: rgb(229, 231, 235); --tw-border-spacing-x: 0; --tw-border-spacing-y: 0; --tw-translate-x: 0; --tw-translate-y: 0; --tw-rotate: 0; --tw-skew-x: 0; --tw-skew-y: 0; --tw-scale-x: 1; --tw-scale-y: 1; --tw-pan-x: ; --tw-pan-y: ; --tw-pinch-zoom: ; --tw-scroll-snap-strictness: proximity; --tw-ordinal: ; --tw-slashed-zero: ; --tw-numeric-figure: ; --tw-numeric-spacing: ; --tw-numeric-fraction: ; --tw-ring-inset: ; --tw-ring-offset-width: 0px; --tw-ring-offset-color: #fff; --tw-ring-color: rgb(59 130 246 / 0.5); --tw-ring-offset-shadow: 0 0 #0000; --tw-ring-shadow: 0 0 #0000; --tw-shadow: 0 0 #0000; --tw-shadow-colored: 0 0 #0000; --tw-blur: ; --tw-brightness: ; --tw-contrast: ; --tw-grayscale: ; --tw-hue-rotate: ; --tw-invert: ; --tw-saturate: ; --tw-sepia: ; --tw-drop-shadow: ; --tw-backdrop-blur: ; --tw-backdrop-brightness: ; --tw-backdrop-contrast: ; --tw-backdrop-grayscale: ; --tw-backdrop-hue-rotate: ; --tw-backdrop-invert: ; --tw-backdrop-opacity: ; --tw-backdrop-saturate: ; --tw-backdrop-sepia: ; font-size: 3rem; font-weight: inherit; margin: 0px 0px 1.5rem; line-height: 1; color: rgb(0, 0, 0); font-family: ui-sans-serif, system-ui, -apple-system, &quot;system-ui&quot;, &quot;Segoe UI&quot;, Roboto, &quot;Helvetica Neue&quot;, Arial, &quot;Noto Sans&quot;, sans-serif, &quot;Apple Color Emoji&quot;, &quot;Segoe UI Emoji&quot;, &quot;Segoe UI Symbol&quot;, &quot;Noto Color Emoji&quot;;">Повышение уровня<br style="border-width: 0px; border-style: solid; border-color: rgb(229, 231, 235); --tw-border-spacing-x: 0; --tw-border-spacing-y: 0; --tw-translate-x: 0; --tw-translate-y: 0; --tw-rotate: 0; --tw-skew-x: 0; --tw-skew-y: 0; --tw-scale-x: 1; --tw-scale-y: 1; --tw-pan-x: ; --tw-pan-y: ; --tw-pinch-zoom: ; --tw-scroll-snap-strictness: proximity; --tw-ordinal: ; --tw-slashed-zero: ; --tw-numeric-figure: ; --tw-numeric-spacing: ; --tw-numeric-fraction: ; --tw-ring-inset: ; --tw-ring-offset-width: 0px; --tw-ring-offset-color: #fff; --tw-ring-color: rgb(59 130 246 / 0.5); --tw-ring-offset-shadow: 0 0 #0000; --tw-ring-shadow: 0 0 #0000; --tw-shadow: 0 0 #0000; --tw-shadow-colored: 0 0 #0000; --tw-blur: ; --tw-brightness: ; --tw-contrast: ; --tw-grayscale: ; --tw-hue-rotate: ; --tw-invert: ; --tw-saturate: ; --tw-sepia: ; --tw-drop-shadow: ; --tw-backdrop-blur: ; --tw-backdrop-brightness: ; --tw-backdrop-contrast: ; --tw-backdrop-grayscale: ; --tw-backdrop-hue-rotate: ; --tw-backdrop-invert: ; --tw-backdrop-opacity: ; --tw-backdrop-saturate: ; --tw-backdrop-sepia: ;">комфорта жизни наших<br style="border-width: 0px; border-style: solid; border-color: rgb(229, 231, 235); --tw-border-spacing-x: 0; --tw-border-spacing-y: 0; --tw-translate-x: 0; --tw-translate-y: 0; --tw-rotate: 0; --tw-skew-x: 0; --tw-skew-y: 0; --tw-scale-x: 1; --tw-scale-y: 1; --tw-pan-x: ; --tw-pan-y: ; --tw-pinch-zoom: ; --tw-scroll-snap-strictness: proximity; --tw-ordinal: ; --tw-slashed-zero: ; --tw-numeric-figure: ; --tw-numeric-spacing: ; --tw-numeric-fraction: ; --tw-ring-inset: ; --tw-ring-offset-width: 0px; --tw-ring-offset-color: #fff; --tw-ring-color: rgb(59 130 246 / 0.5); --tw-ring-offset-shadow: 0 0 #0000; --tw-ring-shadow: 0 0 #0000; --tw-shadow: 0 0 #0000; --tw-shadow-colored: 0 0 #0000; --tw-blur: ; --tw-brightness: ; --tw-contrast: ; --tw-grayscale: ; --tw-hue-rotate: ; --tw-invert: ; --tw-saturate: ; --tw-sepia: ; --tw-drop-shadow: ; --tw-backdrop-blur: ; --tw-backdrop-brightness: ; --tw-backdrop-contrast: ; --tw-backdrop-grayscale: ; --tw-backdrop-hue-rotate: ; --tw-backdrop-invert: ; --tw-backdrop-opacity: ; --tw-backdrop-saturate: ; --tw-backdrop-sepia: ;">граждан —&nbsp;<span class="text-primary" style="border-width: 0px; border-style: solid; border-color: rgb(229, 231, 235); --tw-border-spacing-x: 0; --tw-border-spacing-y: 0; --tw-translate-x: 0; --tw-translate-y: 0; --tw-rotate: 0; --tw-skew-x: 0; --tw-skew-y: 0; --tw-scale-x: 1; --tw-scale-y: 1; --tw-pan-x: ; --tw-pan-y: ; --tw-pinch-zoom: ; --tw-scroll-snap-strictness: proximity; --tw-ordinal: ; --tw-slashed-zero: ; --tw-numeric-figure: ; --tw-numeric-spacing: ; --tw-numeric-fraction: ; --tw-ring-inset: ; --tw-ring-offset-width: 0px; --tw-ring-offset-color: #fff; --tw-ring-color: rgb(59 130 246 / 0.5); --tw-ring-offset-shadow: 0 0 #0000; --tw-ring-shadow: 0 0 #0000; --tw-shadow: 0 0 #0000; --tw-shadow-colored: 0 0 #0000; --tw-blur: ; --tw-brightness: ; --tw-contrast: ; --tw-grayscale: ; --tw-hue-rotate: ; --tw-invert: ; --tw-saturate: ; --tw-sepia: ; --tw-drop-shadow: ; --tw-backdrop-blur: ; --tw-backdrop-brightness: ; --tw-backdrop-contrast: ; --tw-backdrop-grayscale: ; --tw-backdrop-hue-rotate: ; --tw-backdrop-invert: ; --tw-backdrop-opacity: ; --tw-backdrop-saturate: ; --tw-backdrop-sepia: ; --tw-text-opacity: 1; color: rgb(67 81 153 / var(--tw-text-opacity));">главная цель</span></h2>	<h2 class="text-2xl md:text-5xl mb-6" style="border-width: 0px; border-style: solid; border-color: rgb(229, 231, 235); --tw-border-spacing-x: 0; --tw-border-spacing-y: 0; --tw-translate-x: 0; --tw-translate-y: 0; --tw-rotate: 0; --tw-skew-x: 0; --tw-skew-y: 0; --tw-scale-x: 1; --tw-scale-y: 1; --tw-pan-x: ; --tw-pan-y: ; --tw-pinch-zoom: ; --tw-scroll-snap-strictness: proximity; --tw-ordinal: ; --tw-slashed-zero: ; --tw-numeric-figure: ; --tw-numeric-spacing: ; --tw-numeric-fraction: ; --tw-ring-inset: ; --tw-ring-offset-width: 0px; --tw-ring-offset-color: #fff; --tw-ring-color: rgb(59 130 246 / 0.5); --tw-ring-offset-shadow: 0 0 #0000; --tw-ring-shadow: 0 0 #0000; --tw-shadow: 0 0 #0000; --tw-shadow-colored: 0 0 #0000; --tw-blur: ; --tw-brightness: ; --tw-contrast: ; --tw-grayscale: ; --tw-hue-rotate: ; --tw-invert: ; --tw-saturate: ; --tw-sepia: ; --tw-drop-shadow: ; --tw-backdrop-blur: ; --tw-backdrop-brightness: ; --tw-backdrop-contrast: ; --tw-backdrop-grayscale: ; --tw-backdrop-hue-rotate: ; --tw-backdrop-invert: ; --tw-backdrop-opacity: ; --tw-backdrop-saturate: ; --tw-backdrop-sepia: ; font-size: 3rem; font-weight: inherit; margin: 0px 0px 1.5rem; line-height: 1; color: rgb(0, 0, 0); font-family: ui-sans-serif, system-ui, -apple-system, &quot;system-ui&quot;, &quot;Segoe UI&quot;, Roboto, &quot;Helvetica Neue&quot;, Arial, &quot;Noto Sans&quot;, sans-serif, &quot;Apple Color Emoji&quot;, &quot;Segoe UI Emoji&quot;, &quot;Segoe UI Symbol&quot;, &quot;Noto Color Emoji&quot;;">Повышение уровня<br style="border-width: 0px; border-style: solid; border-color: rgb(229, 231, 235); --tw-border-spacing-x: 0; --tw-border-spacing-y: 0; --tw-translate-x: 0; --tw-translate-y: 0; --tw-rotate: 0; --tw-skew-x: 0; --tw-skew-y: 0; --tw-scale-x: 1; --tw-scale-y: 1; --tw-pan-x: ; --tw-pan-y: ; --tw-pinch-zoom: ; --tw-scroll-snap-strictness: proximity; --tw-ordinal: ; --tw-slashed-zero: ; --tw-numeric-figure: ; --tw-numeric-spacing: ; --tw-numeric-fraction: ; --tw-ring-inset: ; --tw-ring-offset-width: 0px; --tw-ring-offset-color: #fff; --tw-ring-color: rgb(59 130 246 / 0.5); --tw-ring-offset-shadow: 0 0 #0000; --tw-ring-shadow: 0 0 #0000; --tw-shadow: 0 0 #0000; --tw-shadow-colored: 0 0 #0000; --tw-blur: ; --tw-brightness: ; --tw-contrast: ; --tw-grayscale: ; --tw-hue-rotate: ; --tw-invert: ; --tw-saturate: ; --tw-sepia: ; --tw-drop-shadow: ; --tw-backdrop-blur: ; --tw-backdrop-brightness: ; --tw-backdrop-contrast: ; --tw-backdrop-grayscale: ; --tw-backdrop-hue-rotate: ; --tw-backdrop-invert: ; --tw-backdrop-opacity: ; --tw-backdrop-saturate: ; --tw-backdrop-sepia: ;">комфорта жизни наших<br style="border-width: 0px; border-style: solid; border-color: rgb(229, 231, 235); --tw-border-spacing-x: 0; --tw-border-spacing-y: 0; --tw-translate-x: 0; --tw-translate-y: 0; --tw-rotate: 0; --tw-skew-x: 0; --tw-skew-y: 0; --tw-scale-x: 1; --tw-scale-y: 1; --tw-pan-x: ; --tw-pan-y: ; --tw-pinch-zoom: ; --tw-scroll-snap-strictness: proximity; --tw-ordinal: ; --tw-slashed-zero: ; --tw-numeric-figure: ; --tw-numeric-spacing: ; --tw-numeric-fraction: ; --tw-ring-inset: ; --tw-ring-offset-width: 0px; --tw-ring-offset-color: #fff; --tw-ring-color: rgb(59 130 246 / 0.5); --tw-ring-offset-shadow: 0 0 #0000; --tw-ring-shadow: 0 0 #0000; --tw-shadow: 0 0 #0000; --tw-shadow-colored: 0 0 #0000; --tw-blur: ; --tw-brightness: ; --tw-contrast: ; --tw-grayscale: ; --tw-hue-rotate: ; --tw-invert: ; --tw-saturate: ; --tw-sepia: ; --tw-drop-shadow: ; --tw-backdrop-blur: ; --tw-backdrop-brightness: ; --tw-backdrop-contrast: ; --tw-backdrop-grayscale: ; --tw-backdrop-hue-rotate: ; --tw-backdrop-invert: ; --tw-backdrop-opacity: ; --tw-backdrop-saturate: ; --tw-backdrop-sepia: ;">граждан —&nbsp;<span class="text-primary" style="border-width: 0px; border-style: solid; border-color: rgb(229, 231, 235); --tw-border-spacing-x: 0; --tw-border-spacing-y: 0; --tw-translate-x: 0; --tw-translate-y: 0; --tw-rotate: 0; --tw-skew-x: 0; --tw-skew-y: 0; --tw-scale-x: 1; --tw-scale-y: 1; --tw-pan-x: ; --tw-pan-y: ; --tw-pinch-zoom: ; --tw-scroll-snap-strictness: proximity; --tw-ordinal: ; --tw-slashed-zero: ; --tw-numeric-figure: ; --tw-numeric-spacing: ; --tw-numeric-fraction: ; --tw-ring-inset: ; --tw-ring-offset-width: 0px; --tw-ring-offset-color: #fff; --tw-ring-color: rgb(59 130 246 / 0.5); --tw-ring-offset-shadow: 0 0 #0000; --tw-ring-shadow: 0 0 #0000; --tw-shadow: 0 0 #0000; --tw-shadow-colored: 0 0 #0000; --tw-blur: ; --tw-brightness: ; --tw-contrast: ; --tw-grayscale: ; --tw-hue-rotate: ; --tw-invert: ; --tw-saturate: ; --tw-sepia: ; --tw-drop-shadow: ; --tw-backdrop-blur: ; --tw-backdrop-brightness: ; --tw-backdrop-contrast: ; --tw-backdrop-grayscale: ; --tw-backdrop-hue-rotate: ; --tw-backdrop-invert: ; --tw-backdrop-opacity: ; --tw-backdrop-saturate: ; --tw-backdrop-sepia: ; --tw-text-opacity: 1; color: rgb(67 81 153 / var(--tw-text-opacity));">главная цель</span></h2>	<h2 class="text-2xl md:text-5xl mb-6" style="border-width: 0px; border-style: solid; border-color: rgb(229, 231, 235); --tw-border-spacing-x: 0; --tw-border-spacing-y: 0; --tw-translate-x: 0; --tw-translate-y: 0; --tw-rotate: 0; --tw-skew-x: 0; --tw-skew-y: 0; --tw-scale-x: 1; --tw-scale-y: 1; --tw-pan-x: ; --tw-pan-y: ; --tw-pinch-zoom: ; --tw-scroll-snap-strictness: proximity; --tw-ordinal: ; --tw-slashed-zero: ; --tw-numeric-figure: ; --tw-numeric-spacing: ; --tw-numeric-fraction: ; --tw-ring-inset: ; --tw-ring-offset-width: 0px; --tw-ring-offset-color: #fff; --tw-ring-color: rgb(59 130 246 / 0.5); --tw-ring-offset-shadow: 0 0 #0000; --tw-ring-shadow: 0 0 #0000; --tw-shadow: 0 0 #0000; --tw-shadow-colored: 0 0 #0000; --tw-blur: ; --tw-brightness: ; --tw-contrast: ; --tw-grayscale: ; --tw-hue-rotate: ; --tw-invert: ; --tw-saturate: ; --tw-sepia: ; --tw-drop-shadow: ; --tw-backdrop-blur: ; --tw-backdrop-brightness: ; --tw-backdrop-contrast: ; --tw-backdrop-grayscale: ; --tw-backdrop-hue-rotate: ; --tw-backdrop-invert: ; --tw-backdrop-opacity: ; --tw-backdrop-saturate: ; --tw-backdrop-sepia: ; font-size: 3rem; font-weight: inherit; margin: 0px 0px 1.5rem; line-height: 1; color: rgb(0, 0, 0); font-family: ui-sans-serif, system-ui, -apple-system, &quot;system-ui&quot;, &quot;Segoe UI&quot;, Roboto, &quot;Helvetica Neue&quot;, Arial, &quot;Noto Sans&quot;, sans-serif, &quot;Apple Color Emoji&quot;, &quot;Segoe UI Emoji&quot;, &quot;Segoe UI Symbol&quot;, &quot;Noto Color Emoji&quot;;">Повышение уровня<br style="border-width: 0px; border-style: solid; border-color: rgb(229, 231, 235); --tw-border-spacing-x: 0; --tw-border-spacing-y: 0; --tw-translate-x: 0; --tw-translate-y: 0; --tw-rotate: 0; --tw-skew-x: 0; --tw-skew-y: 0; --tw-scale-x: 1; --tw-scale-y: 1; --tw-pan-x: ; --tw-pan-y: ; --tw-pinch-zoom: ; --tw-scroll-snap-strictness: proximity; --tw-ordinal: ; --tw-slashed-zero: ; --tw-numeric-figure: ; --tw-numeric-spacing: ; --tw-numeric-fraction: ; --tw-ring-inset: ; --tw-ring-offset-width: 0px; --tw-ring-offset-color: #fff; --tw-ring-color: rgb(59 130 246 / 0.5); --tw-ring-offset-shadow: 0 0 #0000; --tw-ring-shadow: 0 0 #0000; --tw-shadow: 0 0 #0000; --tw-shadow-colored: 0 0 #0000; --tw-blur: ; --tw-brightness: ; --tw-contrast: ; --tw-grayscale: ; --tw-hue-rotate: ; --tw-invert: ; --tw-saturate: ; --tw-sepia: ; --tw-drop-shadow: ; --tw-backdrop-blur: ; --tw-backdrop-brightness: ; --tw-backdrop-contrast: ; --tw-backdrop-grayscale: ; --tw-backdrop-hue-rotate: ; --tw-backdrop-invert: ; --tw-backdrop-opacity: ; --tw-backdrop-saturate: ; --tw-backdrop-sepia: ;">комфорта жизни наших<br style="border-width: 0px; border-style: solid; border-color: rgb(229, 231, 235); --tw-border-spacing-x: 0; --tw-border-spacing-y: 0; --tw-translate-x: 0; --tw-translate-y: 0; --tw-rotate: 0; --tw-skew-x: 0; --tw-skew-y: 0; --tw-scale-x: 1; --tw-scale-y: 1; --tw-pan-x: ; --tw-pan-y: ; --tw-pinch-zoom: ; --tw-scroll-snap-strictness: proximity; --tw-ordinal: ; --tw-slashed-zero: ; --tw-numeric-figure: ; --tw-numeric-spacing: ; --tw-numeric-fraction: ; --tw-ring-inset: ; --tw-ring-offset-width: 0px; --tw-ring-offset-color: #fff; --tw-ring-color: rgb(59 130 246 / 0.5); --tw-ring-offset-shadow: 0 0 #0000; --tw-ring-shadow: 0 0 #0000; --tw-shadow: 0 0 #0000; --tw-shadow-colored: 0 0 #0000; --tw-blur: ; --tw-brightness: ; --tw-contrast: ; --tw-grayscale: ; --tw-hue-rotate: ; --tw-invert: ; --tw-saturate: ; --tw-sepia: ; --tw-drop-shadow: ; --tw-backdrop-blur: ; --tw-backdrop-brightness: ; --tw-backdrop-contrast: ; --tw-backdrop-grayscale: ; --tw-backdrop-hue-rotate: ; --tw-backdrop-invert: ; --tw-backdrop-opacity: ; --tw-backdrop-saturate: ; --tw-backdrop-sepia: ;">граждан —&nbsp;<span class="text-primary" style="border-width: 0px; border-style: solid; border-color: rgb(229, 231, 235); --tw-border-spacing-x: 0; --tw-border-spacing-y: 0; --tw-translate-x: 0; --tw-translate-y: 0; --tw-rotate: 0; --tw-skew-x: 0; --tw-skew-y: 0; --tw-scale-x: 1; --tw-scale-y: 1; --tw-pan-x: ; --tw-pan-y: ; --tw-pinch-zoom: ; --tw-scroll-snap-strictness: proximity; --tw-ordinal: ; --tw-slashed-zero: ; --tw-numeric-figure: ; --tw-numeric-spacing: ; --tw-numeric-fraction: ; --tw-ring-inset: ; --tw-ring-offset-width: 0px; --tw-ring-offset-color: #fff; --tw-ring-color: rgb(59 130 246 / 0.5); --tw-ring-offset-shadow: 0 0 #0000; --tw-ring-shadow: 0 0 #0000; --tw-shadow: 0 0 #0000; --tw-shadow-colored: 0 0 #0000; --tw-blur: ; --tw-brightness: ; --tw-contrast: ; --tw-grayscale: ; --tw-hue-rotate: ; --tw-invert: ; --tw-saturate: ; --tw-sepia: ; --tw-drop-shadow: ; --tw-backdrop-blur: ; --tw-backdrop-brightness: ; --tw-backdrop-contrast: ; --tw-backdrop-grayscale: ; --tw-backdrop-hue-rotate: ; --tw-backdrop-invert: ; --tw-backdrop-opacity: ; --tw-backdrop-saturate: ; --tw-backdrop-sepia: ; --tw-text-opacity: 1; color: rgb(67 81 153 / var(--tw-text-opacity));">главная цель</span></h2>
\.


--
-- Name: chunk_constraint_name; Type: SEQUENCE SET; Schema: _timescaledb_catalog; Owner: postgres
--

SELECT pg_catalog.setval('_timescaledb_catalog.chunk_constraint_name', 1, false);


--
-- Name: chunk_id_seq; Type: SEQUENCE SET; Schema: _timescaledb_catalog; Owner: postgres
--

SELECT pg_catalog.setval('_timescaledb_catalog.chunk_id_seq', 1, false);


--
-- Name: dimension_id_seq; Type: SEQUENCE SET; Schema: _timescaledb_catalog; Owner: postgres
--

SELECT pg_catalog.setval('_timescaledb_catalog.dimension_id_seq', 1, false);


--
-- Name: dimension_slice_id_seq; Type: SEQUENCE SET; Schema: _timescaledb_catalog; Owner: postgres
--

SELECT pg_catalog.setval('_timescaledb_catalog.dimension_slice_id_seq', 1, false);


--
-- Name: hypertable_id_seq; Type: SEQUENCE SET; Schema: _timescaledb_catalog; Owner: postgres
--

SELECT pg_catalog.setval('_timescaledb_catalog.hypertable_id_seq', 1, false);


--
-- Name: bgw_job_id_seq; Type: SEQUENCE SET; Schema: _timescaledb_config; Owner: postgres
--

SELECT pg_catalog.setval('_timescaledb_config.bgw_job_id_seq', 1000, false);


--
-- Name: auth_group_id_seq; Type: SEQUENCE SET; Schema: public; Owner: postgres
--

SELECT pg_catalog.setval('public.auth_group_id_seq', 1, false);


--
-- Name: auth_group_permissions_id_seq; Type: SEQUENCE SET; Schema: public; Owner: postgres
--

SELECT pg_catalog.setval('public.auth_group_permissions_id_seq', 1, false);


--
-- Name: auth_permission_id_seq; Type: SEQUENCE SET; Schema: public; Owner: postgres
--

SELECT pg_catalog.setval('public.auth_permission_id_seq', 84, true);


--
-- Name: auth_user_groups_id_seq; Type: SEQUENCE SET; Schema: public; Owner: postgres
--

SELECT pg_catalog.setval('public.auth_user_groups_id_seq', 1, false);


--
-- Name: auth_user_id_seq; Type: SEQUENCE SET; Schema: public; Owner: postgres
--

SELECT pg_catalog.setval('public.auth_user_id_seq', 1, true);


--
-- Name: auth_user_user_permissions_id_seq; Type: SEQUENCE SET; Schema: public; Owner: postgres
--

SELECT pg_catalog.setval('public.auth_user_user_permissions_id_seq', 1, false);


--
-- Name: construction_object_advantage_construction_id_seq; Type: SEQUENCE SET; Schema: public; Owner: postgres
--

SELECT pg_catalog.setval('public.construction_object_advantage_construction_id_seq', 8, true);


--
-- Name: construction_object_advantage_id_seq; Type: SEQUENCE SET; Schema: public; Owner: postgres
--

SELECT pg_catalog.setval('public.construction_object_advantage_id_seq', 4, true);


--
-- Name: construction_object_block_id_seq; Type: SEQUENCE SET; Schema: public; Owner: postgres
--

SELECT pg_catalog.setval('public.construction_object_block_id_seq', 9, true);


--
-- Name: construction_object_construction_id_seq; Type: SEQUENCE SET; Schema: public; Owner: postgres
--

SELECT pg_catalog.setval('public.construction_object_construction_id_seq', 4, true);


--
-- Name: construction_object_constructionimage_id_seq; Type: SEQUENCE SET; Schema: public; Owner: postgres
--

SELECT pg_catalog.setval('public.construction_object_constructionimage_id_seq', 6, true);


--
-- Name: construction_object_district_id_seq; Type: SEQUENCE SET; Schema: public; Owner: postgres
--

SELECT pg_catalog.setval('public.construction_object_district_id_seq', 4, true);


--
-- Name: construction_object_feature_id_seq; Type: SEQUENCE SET; Schema: public; Owner: postgres
--

SELECT pg_catalog.setval('public.construction_object_feature_id_seq', 4, true);


--
-- Name: construction_object_flat_id_seq; Type: SEQUENCE SET; Schema: public; Owner: postgres
--

SELECT pg_catalog.setval('public.construction_object_flat_id_seq', 3, true);


--
-- Name: construction_object_infrastructure_id_seq; Type: SEQUENCE SET; Schema: public; Owner: postgres
--

SELECT pg_catalog.setval('public.construction_object_infrastructure_id_seq', 4, true);


--
-- Name: construction_object_year_id_seq; Type: SEQUENCE SET; Schema: public; Owner: postgres
--

SELECT pg_catalog.setval('public.construction_object_year_id_seq', 8, true);


--
-- Name: django_admin_log_id_seq; Type: SEQUENCE SET; Schema: public; Owner: postgres
--

SELECT pg_catalog.setval('public.django_admin_log_id_seq', 129, true);


--
-- Name: django_content_type_id_seq; Type: SEQUENCE SET; Schema: public; Owner: postgres
--

SELECT pg_catalog.setval('public.django_content_type_id_seq', 21, true);


--
-- Name: django_migrations_id_seq; Type: SEQUENCE SET; Schema: public; Owner: postgres
--

SELECT pg_catalog.setval('public.django_migrations_id_seq', 43, true);


--
-- Name: django_summernote_attachment_id_seq; Type: SEQUENCE SET; Schema: public; Owner: postgres
--

SELECT pg_catalog.setval('public.django_summernote_attachment_id_seq', 1, true);


--
-- Name: document_document_id_seq; Type: SEQUENCE SET; Schema: public; Owner: postgres
--

SELECT pg_catalog.setval('public.document_document_id_seq', 4, true);


--
-- Name: news_blog_post_id_seq; Type: SEQUENCE SET; Schema: public; Owner: postgres
--

SELECT pg_catalog.setval('public.news_blog_post_id_seq', 3, true);


--
-- Name: news_blog_postimage_id_seq; Type: SEQUENCE SET; Schema: public; Owner: postgres
--

SELECT pg_catalog.setval('public.news_blog_postimage_id_seq', 1, true);


--
-- Name: team_member_member_id_seq; Type: SEQUENCE SET; Schema: public; Owner: postgres
--

SELECT pg_catalog.setval('public.team_member_member_id_seq', 8, true);


--
-- Name: auth_group auth_group_name_key; Type: CONSTRAINT; Schema: public; Owner: postgres
--

ALTER TABLE ONLY public.auth_group
    ADD CONSTRAINT auth_group_name_key UNIQUE (name);


--
-- Name: auth_group_permissions auth_group_permissions_group_id_permission_id_0cd325b0_uniq; Type: CONSTRAINT; Schema: public; Owner: postgres
--

ALTER TABLE ONLY public.auth_group_permissions
    ADD CONSTRAINT auth_group_permissions_group_id_permission_id_0cd325b0_uniq UNIQUE (group_id, permission_id);


--
-- Name: auth_group_permissions auth_group_permissions_pkey; Type: CONSTRAINT; Schema: public; Owner: postgres
--

ALTER TABLE ONLY public.auth_group_permissions
    ADD CONSTRAINT auth_group_permissions_pkey PRIMARY KEY (id);


--
-- Name: auth_group auth_group_pkey; Type: CONSTRAINT; Schema: public; Owner: postgres
--

ALTER TABLE ONLY public.auth_group
    ADD CONSTRAINT auth_group_pkey PRIMARY KEY (id);


--
-- Name: auth_permission auth_permission_content_type_id_codename_01ab375a_uniq; Type: CONSTRAINT; Schema: public; Owner: postgres
--

ALTER TABLE ONLY public.auth_permission
    ADD CONSTRAINT auth_permission_content_type_id_codename_01ab375a_uniq UNIQUE (content_type_id, codename);


--
-- Name: auth_permission auth_permission_pkey; Type: CONSTRAINT; Schema: public; Owner: postgres
--

ALTER TABLE ONLY public.auth_permission
    ADD CONSTRAINT auth_permission_pkey PRIMARY KEY (id);


--
-- Name: auth_user_groups auth_user_groups_pkey; Type: CONSTRAINT; Schema: public; Owner: postgres
--

ALTER TABLE ONLY public.auth_user_groups
    ADD CONSTRAINT auth_user_groups_pkey PRIMARY KEY (id);


--
-- Name: auth_user_groups auth_user_groups_user_id_group_id_94350c0c_uniq; Type: CONSTRAINT; Schema: public; Owner: postgres
--

ALTER TABLE ONLY public.auth_user_groups
    ADD CONSTRAINT auth_user_groups_user_id_group_id_94350c0c_uniq UNIQUE (user_id, group_id);


--
-- Name: auth_user auth_user_pkey; Type: CONSTRAINT; Schema: public; Owner: postgres
--

ALTER TABLE ONLY public.auth_user
    ADD CONSTRAINT auth_user_pkey PRIMARY KEY (id);


--
-- Name: auth_user_user_permissions auth_user_user_permissions_pkey; Type: CONSTRAINT; Schema: public; Owner: postgres
--

ALTER TABLE ONLY public.auth_user_user_permissions
    ADD CONSTRAINT auth_user_user_permissions_pkey PRIMARY KEY (id);


--
-- Name: auth_user_user_permissions auth_user_user_permissions_user_id_permission_id_14a6b632_uniq; Type: CONSTRAINT; Schema: public; Owner: postgres
--

ALTER TABLE ONLY public.auth_user_user_permissions
    ADD CONSTRAINT auth_user_user_permissions_user_id_permission_id_14a6b632_uniq UNIQUE (user_id, permission_id);


--
-- Name: auth_user auth_user_username_key; Type: CONSTRAINT; Schema: public; Owner: postgres
--

ALTER TABLE ONLY public.auth_user
    ADD CONSTRAINT auth_user_username_key UNIQUE (username);


--
-- Name: configuration_configuration configuration_configuration_name_key; Type: CONSTRAINT; Schema: public; Owner: postgres
--

ALTER TABLE ONLY public.configuration_configuration
    ADD CONSTRAINT configuration_configuration_name_key UNIQUE (name);


--
-- Name: configuration_configuration configuration_configuration_pkey; Type: CONSTRAINT; Schema: public; Owner: postgres
--

ALTER TABLE ONLY public.configuration_configuration
    ADD CONSTRAINT configuration_configuration_pkey PRIMARY KEY (slug);


--
-- Name: construction_object_advantage_construction construction_object_adva_advantage_id_constructio_14fa423e_uniq; Type: CONSTRAINT; Schema: public; Owner: postgres
--

ALTER TABLE ONLY public.construction_object_advantage_construction
    ADD CONSTRAINT construction_object_adva_advantage_id_constructio_14fa423e_uniq UNIQUE (advantage_id, construction_id);


--
-- Name: construction_object_advantage_construction construction_object_advantage_construction_pkey; Type: CONSTRAINT; Schema: public; Owner: postgres
--

ALTER TABLE ONLY public.construction_object_advantage_construction
    ADD CONSTRAINT construction_object_advantage_construction_pkey PRIMARY KEY (id);


--
-- Name: construction_object_advantage construction_object_advantage_pkey; Type: CONSTRAINT; Schema: public; Owner: postgres
--

ALTER TABLE ONLY public.construction_object_advantage
    ADD CONSTRAINT construction_object_advantage_pkey PRIMARY KEY (id);


--
-- Name: construction_object_block construction_object_block_pkey; Type: CONSTRAINT; Schema: public; Owner: postgres
--

ALTER TABLE ONLY public.construction_object_block
    ADD CONSTRAINT construction_object_block_pkey PRIMARY KEY (id);


--
-- Name: construction_object_construction construction_object_construction_pkey; Type: CONSTRAINT; Schema: public; Owner: postgres
--

ALTER TABLE ONLY public.construction_object_construction
    ADD CONSTRAINT construction_object_construction_pkey PRIMARY KEY (id);


--
-- Name: construction_object_construction construction_object_construction_title_key; Type: CONSTRAINT; Schema: public; Owner: postgres
--

ALTER TABLE ONLY public.construction_object_construction
    ADD CONSTRAINT construction_object_construction_title_key UNIQUE (title);


--
-- Name: construction_object_constructionimage construction_object_constructionimage_pkey; Type: CONSTRAINT; Schema: public; Owner: postgres
--

ALTER TABLE ONLY public.construction_object_constructionimage
    ADD CONSTRAINT construction_object_constructionimage_pkey PRIMARY KEY (id);


--
-- Name: construction_object_district construction_object_district_pkey; Type: CONSTRAINT; Schema: public; Owner: postgres
--

ALTER TABLE ONLY public.construction_object_district
    ADD CONSTRAINT construction_object_district_pkey PRIMARY KEY (id);


--
-- Name: construction_object_district construction_object_district_title_key; Type: CONSTRAINT; Schema: public; Owner: postgres
--

ALTER TABLE ONLY public.construction_object_district
    ADD CONSTRAINT construction_object_district_title_key UNIQUE (title);


--
-- Name: construction_object_feature construction_object_feature_pkey; Type: CONSTRAINT; Schema: public; Owner: postgres
--

ALTER TABLE ONLY public.construction_object_feature
    ADD CONSTRAINT construction_object_feature_pkey PRIMARY KEY (id);


--
-- Name: construction_object_flat construction_object_flat_pkey; Type: CONSTRAINT; Schema: public; Owner: postgres
--

ALTER TABLE ONLY public.construction_object_flat
    ADD CONSTRAINT construction_object_flat_pkey PRIMARY KEY (id);


--
-- Name: construction_object_infrastructure construction_object_infrastructure_pkey; Type: CONSTRAINT; Schema: public; Owner: postgres
--

ALTER TABLE ONLY public.construction_object_infrastructure
    ADD CONSTRAINT construction_object_infrastructure_pkey PRIMARY KEY (id);


--
-- Name: construction_object_year construction_object_year_pkey; Type: CONSTRAINT; Schema: public; Owner: postgres
--

ALTER TABLE ONLY public.construction_object_year
    ADD CONSTRAINT construction_object_year_pkey PRIMARY KEY (id);


--
-- Name: construction_object_year construction_object_year_year_key; Type: CONSTRAINT; Schema: public; Owner: postgres
--

ALTER TABLE ONLY public.construction_object_year
    ADD CONSTRAINT construction_object_year_year_key UNIQUE (year);


--
-- Name: django_admin_log django_admin_log_pkey; Type: CONSTRAINT; Schema: public; Owner: postgres
--

ALTER TABLE ONLY public.django_admin_log
    ADD CONSTRAINT django_admin_log_pkey PRIMARY KEY (id);


--
-- Name: django_content_type django_content_type_app_label_model_76bd3d3b_uniq; Type: CONSTRAINT; Schema: public; Owner: postgres
--

ALTER TABLE ONLY public.django_content_type
    ADD CONSTRAINT django_content_type_app_label_model_76bd3d3b_uniq UNIQUE (app_label, model);


--
-- Name: django_content_type django_content_type_pkey; Type: CONSTRAINT; Schema: public; Owner: postgres
--

ALTER TABLE ONLY public.django_content_type
    ADD CONSTRAINT django_content_type_pkey PRIMARY KEY (id);


--
-- Name: django_migrations django_migrations_pkey; Type: CONSTRAINT; Schema: public; Owner: postgres
--

ALTER TABLE ONLY public.django_migrations
    ADD CONSTRAINT django_migrations_pkey PRIMARY KEY (id);


--
-- Name: django_session django_session_pkey; Type: CONSTRAINT; Schema: public; Owner: postgres
--

ALTER TABLE ONLY public.django_session
    ADD CONSTRAINT django_session_pkey PRIMARY KEY (session_key);


--
-- Name: django_summernote_attachment django_summernote_attachment_pkey; Type: CONSTRAINT; Schema: public; Owner: postgres
--

ALTER TABLE ONLY public.django_summernote_attachment
    ADD CONSTRAINT django_summernote_attachment_pkey PRIMARY KEY (id);


--
-- Name: document_document document_document_pkey; Type: CONSTRAINT; Schema: public; Owner: postgres
--

ALTER TABLE ONLY public.document_document
    ADD CONSTRAINT document_document_pkey PRIMARY KEY (id);


--
-- Name: news_blog_post news_blog_post_pkey; Type: CONSTRAINT; Schema: public; Owner: postgres
--

ALTER TABLE ONLY public.news_blog_post
    ADD CONSTRAINT news_blog_post_pkey PRIMARY KEY (id);


--
-- Name: news_blog_postimage news_blog_postimage_pkey; Type: CONSTRAINT; Schema: public; Owner: postgres
--

ALTER TABLE ONLY public.news_blog_postimage
    ADD CONSTRAINT news_blog_postimage_pkey PRIMARY KEY (id);


--
-- Name: team_member_member team_member_member_pkey; Type: CONSTRAINT; Schema: public; Owner: postgres
--

ALTER TABLE ONLY public.team_member_member
    ADD CONSTRAINT team_member_member_pkey PRIMARY KEY (id);


--
-- Name: auth_group_name_a6ea08ec_like; Type: INDEX; Schema: public; Owner: postgres
--

CREATE INDEX auth_group_name_a6ea08ec_like ON public.auth_group USING btree (name varchar_pattern_ops);


--
-- Name: auth_group_permissions_group_id_b120cbf9; Type: INDEX; Schema: public; Owner: postgres
--

CREATE INDEX auth_group_permissions_group_id_b120cbf9 ON public.auth_group_permissions USING btree (group_id);


--
-- Name: auth_group_permissions_permission_id_84c5c92e; Type: INDEX; Schema: public; Owner: postgres
--

CREATE INDEX auth_group_permissions_permission_id_84c5c92e ON public.auth_group_permissions USING btree (permission_id);


--
-- Name: auth_permission_content_type_id_2f476e4b; Type: INDEX; Schema: public; Owner: postgres
--

CREATE INDEX auth_permission_content_type_id_2f476e4b ON public.auth_permission USING btree (content_type_id);


--
-- Name: auth_user_groups_group_id_97559544; Type: INDEX; Schema: public; Owner: postgres
--

CREATE INDEX auth_user_groups_group_id_97559544 ON public.auth_user_groups USING btree (group_id);


--
-- Name: auth_user_groups_user_id_6a12ed8b; Type: INDEX; Schema: public; Owner: postgres
--

CREATE INDEX auth_user_groups_user_id_6a12ed8b ON public.auth_user_groups USING btree (user_id);


--
-- Name: auth_user_user_permissions_permission_id_1fbb5f2c; Type: INDEX; Schema: public; Owner: postgres
--

CREATE INDEX auth_user_user_permissions_permission_id_1fbb5f2c ON public.auth_user_user_permissions USING btree (permission_id);


--
-- Name: auth_user_user_permissions_user_id_a95ead1b; Type: INDEX; Schema: public; Owner: postgres
--

CREATE INDEX auth_user_user_permissions_user_id_a95ead1b ON public.auth_user_user_permissions USING btree (user_id);


--
-- Name: auth_user_username_6821ab7c_like; Type: INDEX; Schema: public; Owner: postgres
--

CREATE INDEX auth_user_username_6821ab7c_like ON public.auth_user USING btree (username varchar_pattern_ops);


--
-- Name: configuration_configuration_name_70407f79_like; Type: INDEX; Schema: public; Owner: postgres
--

CREATE INDEX configuration_configuration_name_70407f79_like ON public.configuration_configuration USING btree (name varchar_pattern_ops);


--
-- Name: configuration_configuration_slug_5fbc8987_like; Type: INDEX; Schema: public; Owner: postgres
--

CREATE INDEX configuration_configuration_slug_5fbc8987_like ON public.configuration_configuration USING btree (slug varchar_pattern_ops);


--
-- Name: construction_object_advant_advantage_id_21adf662; Type: INDEX; Schema: public; Owner: postgres
--

CREATE INDEX construction_object_advant_advantage_id_21adf662 ON public.construction_object_advantage_construction USING btree (advantage_id);


--
-- Name: construction_object_advant_construction_id_51183295; Type: INDEX; Schema: public; Owner: postgres
--

CREATE INDEX construction_object_advant_construction_id_51183295 ON public.construction_object_advantage_construction USING btree (construction_id);


--
-- Name: construction_object_block_construction_id_11ade857; Type: INDEX; Schema: public; Owner: postgres
--

CREATE INDEX construction_object_block_construction_id_11ade857 ON public.construction_object_block USING btree (construction_id);


--
-- Name: construction_object_constr_construction_completion_ye_d7becda2; Type: INDEX; Schema: public; Owner: postgres
--

CREATE INDEX construction_object_constr_construction_completion_ye_d7becda2 ON public.construction_object_construction USING btree (construction_completion_year_id);


--
-- Name: construction_object_construction_district_id_90db1039; Type: INDEX; Schema: public; Owner: postgres
--

CREATE INDEX construction_object_construction_district_id_90db1039 ON public.construction_object_construction USING btree (district_id);


--
-- Name: construction_object_construction_title_bf039f8f_like; Type: INDEX; Schema: public; Owner: postgres
--

CREATE INDEX construction_object_construction_title_bf039f8f_like ON public.construction_object_construction USING btree (title varchar_pattern_ops);


--
-- Name: construction_object_constructionimage_construction_id_fcf74a78; Type: INDEX; Schema: public; Owner: postgres
--

CREATE INDEX construction_object_constructionimage_construction_id_fcf74a78 ON public.construction_object_constructionimage USING btree (construction_id);


--
-- Name: construction_object_district_title_72d890b7_like; Type: INDEX; Schema: public; Owner: postgres
--

CREATE INDEX construction_object_district_title_72d890b7_like ON public.construction_object_district USING btree (title varchar_pattern_ops);


--
-- Name: construction_object_feature_construction_id_4644a4bb; Type: INDEX; Schema: public; Owner: postgres
--

CREATE INDEX construction_object_feature_construction_id_4644a4bb ON public.construction_object_feature USING btree (construction_id);


--
-- Name: construction_object_flat_block_id_0f8392b7; Type: INDEX; Schema: public; Owner: postgres
--

CREATE INDEX construction_object_flat_block_id_0f8392b7 ON public.construction_object_flat USING btree (block_id);


--
-- Name: construction_object_flat_construction_id_b84ae335; Type: INDEX; Schema: public; Owner: postgres
--

CREATE INDEX construction_object_flat_construction_id_b84ae335 ON public.construction_object_flat USING btree (construction_id);


--
-- Name: construction_object_infrastructure_construction_id_46ee3750; Type: INDEX; Schema: public; Owner: postgres
--

CREATE INDEX construction_object_infrastructure_construction_id_46ee3750 ON public.construction_object_infrastructure USING btree (construction_id);


--
-- Name: construction_object_year_year_8586b570_like; Type: INDEX; Schema: public; Owner: postgres
--

CREATE INDEX construction_object_year_year_8586b570_like ON public.construction_object_year USING btree (year varchar_pattern_ops);


--
-- Name: django_admin_log_content_type_id_c4bce8eb; Type: INDEX; Schema: public; Owner: postgres
--

CREATE INDEX django_admin_log_content_type_id_c4bce8eb ON public.django_admin_log USING btree (content_type_id);


--
-- Name: django_admin_log_user_id_c564eba6; Type: INDEX; Schema: public; Owner: postgres
--

CREATE INDEX django_admin_log_user_id_c564eba6 ON public.django_admin_log USING btree (user_id);


--
-- Name: django_session_expire_date_a5c62663; Type: INDEX; Schema: public; Owner: postgres
--

CREATE INDEX django_session_expire_date_a5c62663 ON public.django_session USING btree (expire_date);


--
-- Name: django_session_session_key_c0390e0f_like; Type: INDEX; Schema: public; Owner: postgres
--

CREATE INDEX django_session_session_key_c0390e0f_like ON public.django_session USING btree (session_key varchar_pattern_ops);


--
-- Name: news_blog_post_construction_id_6a7dd3ca; Type: INDEX; Schema: public; Owner: postgres
--

CREATE INDEX news_blog_post_construction_id_6a7dd3ca ON public.news_blog_post USING btree (construction_id);


--
-- Name: news_blog_postimage_post_id_b196378e; Type: INDEX; Schema: public; Owner: postgres
--

CREATE INDEX news_blog_postimage_post_id_b196378e ON public.news_blog_postimage USING btree (post_id);


--
-- Name: auth_group_permissions auth_group_permissio_permission_id_84c5c92e_fk_auth_perm; Type: FK CONSTRAINT; Schema: public; Owner: postgres
--

ALTER TABLE ONLY public.auth_group_permissions
    ADD CONSTRAINT auth_group_permissio_permission_id_84c5c92e_fk_auth_perm FOREIGN KEY (permission_id) REFERENCES public.auth_permission(id) DEFERRABLE INITIALLY DEFERRED;


--
-- Name: auth_group_permissions auth_group_permissions_group_id_b120cbf9_fk_auth_group_id; Type: FK CONSTRAINT; Schema: public; Owner: postgres
--

ALTER TABLE ONLY public.auth_group_permissions
    ADD CONSTRAINT auth_group_permissions_group_id_b120cbf9_fk_auth_group_id FOREIGN KEY (group_id) REFERENCES public.auth_group(id) DEFERRABLE INITIALLY DEFERRED;


--
-- Name: auth_permission auth_permission_content_type_id_2f476e4b_fk_django_co; Type: FK CONSTRAINT; Schema: public; Owner: postgres
--

ALTER TABLE ONLY public.auth_permission
    ADD CONSTRAINT auth_permission_content_type_id_2f476e4b_fk_django_co FOREIGN KEY (content_type_id) REFERENCES public.django_content_type(id) DEFERRABLE INITIALLY DEFERRED;


--
-- Name: auth_user_groups auth_user_groups_group_id_97559544_fk_auth_group_id; Type: FK CONSTRAINT; Schema: public; Owner: postgres
--

ALTER TABLE ONLY public.auth_user_groups
    ADD CONSTRAINT auth_user_groups_group_id_97559544_fk_auth_group_id FOREIGN KEY (group_id) REFERENCES public.auth_group(id) DEFERRABLE INITIALLY DEFERRED;


--
-- Name: auth_user_groups auth_user_groups_user_id_6a12ed8b_fk_auth_user_id; Type: FK CONSTRAINT; Schema: public; Owner: postgres
--

ALTER TABLE ONLY public.auth_user_groups
    ADD CONSTRAINT auth_user_groups_user_id_6a12ed8b_fk_auth_user_id FOREIGN KEY (user_id) REFERENCES public.auth_user(id) DEFERRABLE INITIALLY DEFERRED;


--
-- Name: auth_user_user_permissions auth_user_user_permi_permission_id_1fbb5f2c_fk_auth_perm; Type: FK CONSTRAINT; Schema: public; Owner: postgres
--

ALTER TABLE ONLY public.auth_user_user_permissions
    ADD CONSTRAINT auth_user_user_permi_permission_id_1fbb5f2c_fk_auth_perm FOREIGN KEY (permission_id) REFERENCES public.auth_permission(id) DEFERRABLE INITIALLY DEFERRED;


--
-- Name: auth_user_user_permissions auth_user_user_permissions_user_id_a95ead1b_fk_auth_user_id; Type: FK CONSTRAINT; Schema: public; Owner: postgres
--

ALTER TABLE ONLY public.auth_user_user_permissions
    ADD CONSTRAINT auth_user_user_permissions_user_id_a95ead1b_fk_auth_user_id FOREIGN KEY (user_id) REFERENCES public.auth_user(id) DEFERRABLE INITIALLY DEFERRED;


--
-- Name: construction_object_advantage_construction construction_object__advantage_id_21adf662_fk_construct; Type: FK CONSTRAINT; Schema: public; Owner: postgres
--

ALTER TABLE ONLY public.construction_object_advantage_construction
    ADD CONSTRAINT construction_object__advantage_id_21adf662_fk_construct FOREIGN KEY (advantage_id) REFERENCES public.construction_object_advantage(id) DEFERRABLE INITIALLY DEFERRED;


--
-- Name: construction_object_flat construction_object__block_id_0f8392b7_fk_construct; Type: FK CONSTRAINT; Schema: public; Owner: postgres
--

ALTER TABLE ONLY public.construction_object_flat
    ADD CONSTRAINT construction_object__block_id_0f8392b7_fk_construct FOREIGN KEY (block_id) REFERENCES public.construction_object_block(id) DEFERRABLE INITIALLY DEFERRED;


--
-- Name: construction_object_construction construction_object__construction_complet_d7becda2_fk_construct; Type: FK CONSTRAINT; Schema: public; Owner: postgres
--

ALTER TABLE ONLY public.construction_object_construction
    ADD CONSTRAINT construction_object__construction_complet_d7becda2_fk_construct FOREIGN KEY (construction_completion_year_id) REFERENCES public.construction_object_year(id) DEFERRABLE INITIALLY DEFERRED;


--
-- Name: construction_object_block construction_object__construction_id_11ade857_fk_construct; Type: FK CONSTRAINT; Schema: public; Owner: postgres
--

ALTER TABLE ONLY public.construction_object_block
    ADD CONSTRAINT construction_object__construction_id_11ade857_fk_construct FOREIGN KEY (construction_id) REFERENCES public.construction_object_construction(id) DEFERRABLE INITIALLY DEFERRED;


--
-- Name: construction_object_feature construction_object__construction_id_4644a4bb_fk_construct; Type: FK CONSTRAINT; Schema: public; Owner: postgres
--

ALTER TABLE ONLY public.construction_object_feature
    ADD CONSTRAINT construction_object__construction_id_4644a4bb_fk_construct FOREIGN KEY (construction_id) REFERENCES public.construction_object_construction(id) DEFERRABLE INITIALLY DEFERRED;


--
-- Name: construction_object_infrastructure construction_object__construction_id_46ee3750_fk_construct; Type: FK CONSTRAINT; Schema: public; Owner: postgres
--

ALTER TABLE ONLY public.construction_object_infrastructure
    ADD CONSTRAINT construction_object__construction_id_46ee3750_fk_construct FOREIGN KEY (construction_id) REFERENCES public.construction_object_construction(id) DEFERRABLE INITIALLY DEFERRED;


--
-- Name: construction_object_advantage_construction construction_object__construction_id_51183295_fk_construct; Type: FK CONSTRAINT; Schema: public; Owner: postgres
--

ALTER TABLE ONLY public.construction_object_advantage_construction
    ADD CONSTRAINT construction_object__construction_id_51183295_fk_construct FOREIGN KEY (construction_id) REFERENCES public.construction_object_construction(id) DEFERRABLE INITIALLY DEFERRED;


--
-- Name: construction_object_flat construction_object__construction_id_b84ae335_fk_construct; Type: FK CONSTRAINT; Schema: public; Owner: postgres
--

ALTER TABLE ONLY public.construction_object_flat
    ADD CONSTRAINT construction_object__construction_id_b84ae335_fk_construct FOREIGN KEY (construction_id) REFERENCES public.construction_object_construction(id) DEFERRABLE INITIALLY DEFERRED;


--
-- Name: construction_object_constructionimage construction_object__construction_id_fcf74a78_fk_construct; Type: FK CONSTRAINT; Schema: public; Owner: postgres
--

ALTER TABLE ONLY public.construction_object_constructionimage
    ADD CONSTRAINT construction_object__construction_id_fcf74a78_fk_construct FOREIGN KEY (construction_id) REFERENCES public.construction_object_construction(id) DEFERRABLE INITIALLY DEFERRED;


--
-- Name: construction_object_construction construction_object__district_id_90db1039_fk_construct; Type: FK CONSTRAINT; Schema: public; Owner: postgres
--

ALTER TABLE ONLY public.construction_object_construction
    ADD CONSTRAINT construction_object__district_id_90db1039_fk_construct FOREIGN KEY (district_id) REFERENCES public.construction_object_district(id) DEFERRABLE INITIALLY DEFERRED;


--
-- Name: django_admin_log django_admin_log_content_type_id_c4bce8eb_fk_django_co; Type: FK CONSTRAINT; Schema: public; Owner: postgres
--

ALTER TABLE ONLY public.django_admin_log
    ADD CONSTRAINT django_admin_log_content_type_id_c4bce8eb_fk_django_co FOREIGN KEY (content_type_id) REFERENCES public.django_content_type(id) DEFERRABLE INITIALLY DEFERRED;


--
-- Name: django_admin_log django_admin_log_user_id_c564eba6_fk_auth_user_id; Type: FK CONSTRAINT; Schema: public; Owner: postgres
--

ALTER TABLE ONLY public.django_admin_log
    ADD CONSTRAINT django_admin_log_user_id_c564eba6_fk_auth_user_id FOREIGN KEY (user_id) REFERENCES public.auth_user(id) DEFERRABLE INITIALLY DEFERRED;


--
-- Name: news_blog_post news_blog_post_construction_id_6a7dd3ca_fk_construct; Type: FK CONSTRAINT; Schema: public; Owner: postgres
--

ALTER TABLE ONLY public.news_blog_post
    ADD CONSTRAINT news_blog_post_construction_id_6a7dd3ca_fk_construct FOREIGN KEY (construction_id) REFERENCES public.construction_object_construction(id) DEFERRABLE INITIALLY DEFERRED;


--
-- Name: news_blog_postimage news_blog_postimage_post_id_b196378e_fk_news_blog_post_id; Type: FK CONSTRAINT; Schema: public; Owner: postgres
--

ALTER TABLE ONLY public.news_blog_postimage
    ADD CONSTRAINT news_blog_postimage_post_id_b196378e_fk_news_blog_post_id FOREIGN KEY (post_id) REFERENCES public.news_blog_post(id) DEFERRABLE INITIALLY DEFERRED;


--
-- PostgreSQL database dump complete
--

